utt_id,ref,hyp,cer
SD2100005-SDRW2100000006.1.1.86,혹시 한적한 장소가 또 따로 있을까,그서 는 지하는 지서가  다 있을,0.6842105263157895
SD2100022-SDRW2100000021.1.1.74,먹는 거 뭐 식품,는  거 어 어 어 제 이,1.1111111111111112
SD2100023-SDRW2100000024.1.1.360,풀 빌라 꼭 아니어도,라고가 아니어도,0.45454545454545453
SD2100023-SDRW2100000024.1.1.372,아무튼 name4이한테도 한번 물어보긴 할게 응,아 면 그 그 이 제 나 아 면 들어 기는 해게,0.8076923076923077
SD2100024-SDRW2100000023.1.1.260,아니 그러다,아니 그나,0.3333333333333333
SD2100024-SDRW2100000024.1.1.128,제주도 옛날 돌담집 같은 집이고 한옥이야,제기도아도 이에에 도 다 지 다은 지이고 하  이아,0.7727272727272727
SD2100032-SDRW2100000032.1.1.26,3달 4달 전쯤에 강원도 쪽으로 한 번 놀러가서,제 들 나 다 이 에에 그 가은 도   이 하 면은 도 가서,0.8461538461538461
SD2100037-SDRW2100000037.1.1.66,당뇨 수치가 이제 오버가 된 거예요 평균치보다,다   서 지가 이 이제 어다가 는 거 이에이 어 이 어다,0.8
SD2100068-SDRW2100000067.1.1.71,요즘 양양 사람 많다던데,아이 이지 이 그 그 이 이 이다는데,1.1538461538461537
SD2100071-SDRW2100000071.1.1.149,어 돌려 입다기 보다는 그냥 내가 주는 거야,어 도 있다 기 거다는 그나 나가 는 거,0.375
SD2100071-SDRW2100000071.1.1.192,내가 여자인 친구랑 약속을 잡은 적이 없어서,제가 그 어다  이 이이라 이 가 을 다은 지이 어서,0.75
SD2100099-SDRW2100000099.1.1.50,함으로서 또 이제 그것도 힐링 되고,하을 어서 도 이제 그거도 이 해이 하고,0.5789473684210527
SD2100099-SDRW2100000100.1.1.93,당연한 건 맞지,그 다 거은 아지,0.75
SD2100101-SDRW2100000101.1.1.269,그래서 그냥,그서 그,0.3333333333333333
SD2100102-SDRW2100000101.1.1.16,어 추리닝을 많이 사는 것 같아,어 라이 을 이 하는 거 아,0.4117647058823529
SD2100105-SDRW2100000106.1.1.279,안 친하면,아 지하면,0.4
SD2100125-SDRW2100000126.1.1.285,젊었을 때 기억나는지 모르겠네요 뭐냐면,아어 지 제 제을을 도 기어나 아니고 그 는 면,0.9523809523809523
SD2100145-SDRW2100000145.1.1.50,어 진짜 바쁘겠다,아어 이제게 나 하게다,0.8888888888888888
SD2100145-SDRW2100000146.1.1.204,아 그때 영화 촬영장있었나,아 그 데 이어 라  있나,0.5714285714285714
SD2100145-SDRW2100000146.1.1.55,넌 어떤 식으로,나 는 어다 지을,0.875
SD2100148-SDRW2100000147.1.1.276,짧게 갈 수도 있고 길게 갈 수도 있는데,게 가 거도 있고 기게 가 지도 있는데,0.2727272727272727
SD2100168-SDRW2100000167.1.1.171,기분 나빴던 거 얘기하고,기은 나다 거 이기하고,0.3076923076923077
SD2100168-SDRW2100000168.1.1.162,헐 근데 그건 좀 기분 나쁘다,어라 그데 그거   기 나다,0.4375
SD2100176-SDRW2100000175.1.1.186,더불어 사는 세상이잖아 아니 근데 세상에,거을어서 하는 지 해이 이있아 아니 그데에 이 이에,0.6818181818181818
SD2100195-SDRW2100000196.1.1.80,저기 뭐야 그 사는 것도 인제 자기가 버니까 엄마한테 손 안 벌리고 애들이 전자제품도 다,이 제기 거 그 하는 거도 이제 기가 그 거니고 그 아니 는 는 서 아 들이고 아들이 제 제도 다,0.5918367346938775
SD2100207-SDRW2100000208.1.1.112,우리도 이제 아플 때는 또 아이고,도 이제 아을 데는  아이,0.3333333333333333
SD2100207-SDRW2100000208.1.1.2,스읍 버스를 탄다고 하면은,그서    그면은,0.6428571428571429
SD2100217-SDRW2100000217.1.1.213,항상 멍들어 가지고,그  들어 가지고,0.3
SD2100217-SDRW2100000218.1.1.28,그 좌석이 좀,그 그 지이,0.7142857142857143
SD2100223-SDRW2100000224.1.1.380,회사에서 일 하시고 나중에 지금은 뭐,그  해에서 이하고 나에 지은,0.55
SD2100232-SDRW2100000231.1.1.327,오우 완전 완전 그거네,어하 아 아 그거,0.5833333333333334
SD2100232-SDRW2100000231.1.1.343,뭐가 슬프다,그 가 아다,0.6666666666666666
SD2100284-SDRW2100000284.1.1.133,한 5시 반에 일어나 가지고 준비를 하고 나와야 되니까,하 다서 이  에 이어나 가지고 그 그 하고 나가 하니,0.4666666666666667
SD2100315-SDRW2100000316.1.1.226,맞는 거 같아,는 거 아,0.2857142857142857
SD2100315-SDRW2100000316.1.1.273,그 당산에서 양천 02 번을 타 그러면,그그 그 다 에서 이 그  고이 은을 다 그면,0.6666666666666666
SD2100315-SDRW2100000319.1.1.133,친구기 때문에 더 힘든 게 있다고,고기기 들에 다 다 해들 게 있다고,0.5
SD2100346-SDRW2100000345.1.1.232,좀 더 예쁘게 아주 좀 부티나게,도 이 이게 아니 그 그 하게,0.5294117647058824
SD2100346-SDRW2100000345.1.1.401,롯데 음식 푸드 자주 가거든 중요한 거야 아빠가 꼭,어 그데 에제 도 도 가거나 그 을 아에가 고,0.6071428571428571
SD2100346-SDRW2100000346.1.1.455,아 직장은 아닌데 지방이라도 가까운 지방 경기도 어딘데,아이 지은 아니 데는지 지이라도 그 가가은 지은 기도 어는데,0.5
SD2100374-SDRW2100000373.1.1.133,그때 술 먹고,그제 서 있고,0.42857142857142855
SD2100397-SDRW2100000397.1.1.209,1등도 아니고 2등 했는데,이 들 도 아니고 이  있는데,0.5
SD2100397-SDRW2100000398.1.1.207,어 막 엄청 불편했다거나 그런 경험까지는 없었던 거 같아,어 어  아 어 어 어 어 어 아 아 어  도  하다 거나 그 그은 그 그어 가지는 있어는 거 아,1.2258064516129032
SD2100399-SDRW2100000399.1.1.350,근데 솔직히 카톡을 하잖아,그데 그 이 그 하 을 하지아,0.6428571428571429
SD2100406-SDRW2100000405.1.1.259,그래서 집에 아주 잘 보관 중이거든,그기서 지에 아도 제 고가 이거,0.42105263157894735
SD2100432-SDRW2100000432.1.1.231,그건 매우 잘한 일이구나,그거는 면 다하 이이나,0.6153846153846154
SD2100470-SDRW2100000489.1.1.27,나중에 싼 걸로,나지에 서  거,0.5
SD2100470-SDRW2100000490.1.1.152,그 우리 아들한테 내가 그 이야기를 했어 그러니까,그그니서  아들 하데는 제가 그 이기 해어 그하니,0.5185185185185185
SD2100470-SDRW2100000491.1.1.153,그래서 1년에 석 달씩은 꼭 해야지 하고 있는데,그서 이 에 서 다 지은  해어지 하고 있는데,0.34615384615384615
SD2100470-SDRW2100000492.1.1.38,그 금산에 있잖아 그래서 이번에 휴가를,그 그 에 있지아 그 가지고 이에 이가들,0.47619047619047616
SD2100472-SDRW2100000494.1.1.23,그래 말투가 이상해져서 얘기하고 싶지 않지만,그도 나 도가 이제해지서 이기하고 있지 지,0.4166666666666667
SD2100476-SDRW2100000502.1.1.101,대신에 또 그거 급여 같은 거는 딱 보장이 돼 있는 거잖아,그 데 에 도 그거 그   은 거는은는 다 고이 어 있는 거아,0.46875
SD2100476-SDRW2100000504.1.1.160,등산이 건강에 얼마나 좋니 산 좀 가 이랬잖아,아니이 들 이 이 거 에 아나나 지니 은  가 이 있아,0.68
SD2100502-SDRW2100000555.1.1.8,머신 건 켈리 노랜데,어 있 거은 게이에이 도은데,1.0
SD2100502-SDRW2100000558.1.1.328,그러면은,그면은,0.25
SD2100503-SDRW2100000561.1.1.102,그 소스를 따로 준단 말이야 지금 내 소스 발음에 웃은 거지,그 그 서  을 다어 지 다는 그이아 지은 나 서 다에 있은 거지,0.6363636363636364
SD2100503-SDRW2100000562.1.1.228,맞아 나도 근데 말티즈나 푸들이 가장,아아 나도 그데 아이 지나 아 들이 가,0.45
SD2100526-SDRW2100000603.1.1.11,즘 약간의 그 좀 억세지니까 너는 옛날에 해 먹은 거 보다 더 맛있고 좋았었어,지 이 그 지 어어어지니거는 이 해 하 그  거 다 다 도 아있 고 들아어,0.5813953488372093
SD2100526-SDRW2100000603.1.1.50,응 또 그거 카드로 하면 좀 더 비싸다 길래,어 도 그거 그 하들라 하면 그 다 도 다 하라,0.5416666666666666
SD2100526-SDRW2100000604.1.1.345,걱정하지 마라 너무,거  하지 아,0.8
SD2100543-SDRW2100000639.1.1.255,말을 안 하는 것들이 훨씬 많거든요 우리끼리는 왜,나을 아 하는 거들이 다 하   거    그 그이는,0.6296296296296297
SD2100543-SDRW2100000641.1.1.13,음 이 우리가 시간이 한정되어 있으니까,어 이게 어 가 이 기 가이 하 하어 있어니,0.6666666666666666
SD2100547-SDRW2100000650.1.1.108,글쎄요 지금 또 무슨 정책이 조금 뭐,지은도 도 그 아은 그 지 이 도은,0.75
SD2100547-SDRW2100000650.1.1.309,품귀 현상이니까 나왔다 하면,은기 은  이니가 나아다 하면,0.4666666666666667
SD2100548-SDRW2100000647.1.1.133,그렇게 많은 돈을 들여서 사는 거에 대해서 어떡하냐고,그게 나은 도을 들어서 서는 거에 해서 어하하고,0.27586206896551724
SD2100548-SDRW2100000647.1.1.143,그래서 사람들이 인제 억 단위면 이거 세금을 내야 되지 않니,그해서 서 들이 이제 어 다니면 이거 서거을 나아 하지 니,0.3939393939393939
SD2100549-SDRW2100000654.1.1.286,먹을 수 있거든 최소 주문 금액 13000원 막 이러니까,을 거 있거은 제서 지 은 그 에  면  서  하  이하니,0.6774193548387096
SD2100556-SDRW2100000664.1.1.136,아닌 걸로 알고 있는데 왜냐하면 나,아는 거 아고 있는데 아하면 가,0.3684210526315789
SD2100559-SDRW2100000672.1.1.166,나도 그냥 서울 살면서 느낀 점을 말해 보자면은,나도 그면 서을 하면서 이은 는  들을 그 해 하다면은,0.5
SD2100567-SDRW2100000688.1.1.133,헤 그래서,그서,0.6
SD2100569-SDRW2100000692.1.1.2,요즘에,이에,0.6666666666666666
SD2100570-SDRW2100000693.1.1.40,응 사람들이 많은 거 같아,어 나들이 은 거 아,0.35714285714285715
SD2100570-SDRW2100000693.1.1.63,근데 염따가,그 다가,0.6666666666666666
SD2100571-SDRW2100000695.1.1.97,들 친구들 결혼식에는 본 적 없는 거 같아,그 데 그 지 들 이 그 은 에는   지 있는 거 아,0.7391304347826086
SD2100593-SDRW2100000739.1.1.170,팁은 따로 없는데,기이은는 다  는데,0.6666666666666666
SD2100593-SDRW2100000739.1.1.198,혼자서 준비하기보다 약간 컨설팅의 도움을 받아서,그 서서 도 하기  다 이 그 서 에 도을 아서,0.6153846153846154
SD2100593-SDRW2100000739.1.1.275,워라밸이 가장 중요한 거긴 하지만 나도 너랑 마찬가지로,어 라 이 가이 가 가제 이 거기 하지 나도 나라 아 가지도,0.5666666666666667
SD2100606-SDRW2100000762.1.1.73,프로그램은 많으니까,그 서어그에은 있니,0.8
SD2100606-SDRW2100000765.1.1.167,좀 많이 춥지 않을까,도 아이 있지 아을,0.45454545454545453
SD2100629-SDRW2100000810.1.1.2,두부랑 오빠 이제,아고라  이제,0.5555555555555556
SD2100629-SDRW2100000813.1.1.157,그것도 일종의 회사라고 볼 수 있겠지 사람이 적지 않으니까,그데 그거도 이제에 해 라고 을 거 있게지 이이 가지 아을니,0.5625
SD2100629-SDRW2100000813.1.1.93,남들의 시선에,나들은 이 이,0.7142857142857143
SD2100636-SDRW2100000825.1.1.229,사회의 모든 것들이 그 사람에게,그 이 하 해 제이 그 그 에게,0.5882352941176471
SD2100636-SDRW2100000825.1.1.50,그냥 끝내고 싶어 하는 그런 것도 있지 않을까,그게 그나고 어 하는 그 거도 있지 아을,0.32
SD2100642-SDRW2100000837.1.1.120,그리,그이,0.5
SD2100643-SDRW2100000839.1.1.5,정해인 알지 당연히,해이 나이지 은 이,0.7
SD2100643-SDRW2100000840.1.1.192,고양이 밥 많이 줘,고아이 다 아이 지,0.4
SD2100643-SDRW2100000840.1.1.26,근데 난 반대로 강아지를 키우고 있으니까 고양이가 키우고 싶었는데,그데  나는 는 은 데도 그아지들 기고 있어니가 고아이가 기고 있은데,0.6111111111111112
SD2100651-SDRW2100000854.1.1.40,만남들이 많이 예,나들이 이 에,0.4444444444444444
SD2100664-SDRW2100000875.1.1.377,이게 좀 계속,이게이이   그,0.7142857142857143
SD2100664-SDRW2100000877.1.1.23,길 어떤 긴 내가 아무것도 안 하고 오,기은 어들 기 데가 아 거도 아 하 고,0.47619047619047616
SD2100667-SDRW2100000884.1.1.183,그 수업을 하필 내가 들어가서,그 그 기그을 하해 데가 들어가서,0.375
SD2100667-SDRW2100000885.1.1.79,그 내공이 확실히,그 나 고이 하 하,0.6666666666666666
SD2100687-SDRW2100000926.1.1.172,근데 우리가 만약에,그데 이가 나 에,0.5
SD2100687-SDRW2100000926.1.1.242,이제 사람과 사람에 있어서 이제,이제 이  이 있어서 이제,0.35294117647058826
SD2100691-SDRW2100000931.1.1.220,내 앞에서 막 지나가니까,그 나 에서  지나가니,0.38461538461538464
SD2100691-SDRW2100000932.1.1.249,물어 보시고,들어 고,0.5
SD2100691-SDRW2100000932.1.1.79,안정된 직장,아 도 는는 지,1.1666666666666667
SD2100707-SDRW2100000962.1.1.93,하나둘씩 인제 안 좋은 곳이 발견이 되더라고,하나 들이 기 이제 아 은 거이 다면이 라고,0.5416666666666666
SD2100707-SDRW2100000963.1.1.254,내가 진짜 책임지지 못할 바에야,나가 지지 지지지지 고 하 거에,0.5882352941176471
SD2100707-SDRW2100000964.1.1.242,열심히 했잖어 뭐 한 아이는,그 지  하나이는,0.6666666666666666
SD2100707-SDRW2100000964.1.1.249,얘네들이 어릴 때 뭐 젊을 때,이기들이 어을 데 어 을 데,0.4375
SD2100725-SDRW2100000997.1.1.196,이쪽이 떨어지면,이에 다어지면,0.375
SD2100725-SDRW2100000999.1.1.297,걔네가 인제 그게 실화래,게가 이제 그게이 어해,0.5384615384615384
SD2100730-SDRW2100001305.1.1.308,그쪽에는 형부가,그 에는 이가,0.375
SD2100734-SDRW2100001315.1.1.81,그게 보통 일이 아닌 거 같아,그게 고  이 아니 거 아,0.3125
SD2100765-SDRW2100001377.1.1.216,제 동생이랑 만난지 한 2년 아직 안 됐는데,제해 도 이이라 면나 지 는 이 이는은 아지 아 있는데,0.7083333333333334
SD2100765-SDRW2100001378.1.1.151,와 멋있다,아 어있다,0.4
SD2100765-SDRW2100001379.1.1.178,아니라고 보거든요,아니라고 하거는,0.3333333333333333
SD2100782-SDRW2100001408.1.1.205,투자를 하는 게 맞다고 생각을 하,이게이 이 하는 게 있다고 해,0.6111111111111112
SD2100782-SDRW2100001409.1.1.261,그런 거 보니까 요새는,그은 거 하니고 이제는,0.4166666666666667
SD2100782-SDRW2100001410.1.1.44,그래서 저는 어떻게든,어 그해서 나는 어하게,0.5454545454545454
SD2100788-SDRW2100001422.1.1.171,건너게 하고,거나게하고,0.5
SD2100788-SDRW2100001422.1.1.238,강아지들을 생각하면,가아지들을 어하면,0.3
SD2100788-SDRW2100001423.1.1.168,근데 나는,그데 나는,0.2
SD2100795-SDRW2100001437.1.1.242,프랑스에서는 지하철 자체를,그서 에 서는 지하  그 가제,0.6428571428571429
SD2100795-SDRW2100001438.1.1.151,해소하는 데는 도움이 될 수 있을지도 몰라,해서 하는 데는 도이 들 지 있을지도 라,0.2608695652173913
SD2100812-SDRW2100001469.1.1.20,학교를,고 고,1.0
SD2100812-SDRW2100001469.1.1.275,있었다,있어다,0.3333333333333333
SD2100824-SDRW2100001492.1.1.88,돌아가면서 한 번씩,들아 가면서 그 하  거은,0.8
SD2100824-SDRW2100001492.1.1.96,그,그,0.0
SD2100824-SDRW2100001495.1.1.112,그래서,그서,0.3333333333333333
SD2100824-SDRW2100001495.1.1.270,그,그,0.0
SD2100836-SDRW2100003316.1.1.133,선택을 내리시는 분이,그  서 을 나이는 이,0.8181818181818182
SD2100836-SDRW2100003318.1.1.317,내가 생각하기로는 모든 수술은 사실,제가 제 하기에는는 는 어 들 는 기들은 다,0.8421052631578947
SD2100851-SDRW2100003351.1.1.134,어 나쁘지 않다 생각하지만,어 나하지 아다 고 해하지,0.42857142857142855
SD2100852-SDRW2100003348.1.1.154,최근에,에,0.6666666666666666
SD2100852-SDRW2100003351.1.1.153,거기 자동차 밑에 고양이 밥 그릇이,거기 다 다  이에 고이 다 그이,0.42105263157894735
SD2100889-SDRW2100003412.1.1.253,우리 반은 열여덟 명인가 그 정도 될 꺼야,그니 아 은  다 이가 그 도  거,0.5652173913043478
SD2100903-SDRW2100003442.1.1.65,그 요즘에 그런 엄청난 좋은 스마트폰이 아니라,그 이 이에 그 그은 거 어 나  은 아라이 아니라,0.6
SD2100914-SDRW2100003459.1.1.161,그래서 이제 그것 때문에 한번,그기서 이제 그거 들에 하,0.375
SD2100914-SDRW2100003462.1.1.295,약간 그런 부분도 있을 수도 있고,그어니  아 그 그 그 기 도 있을 도 있고,0.7222222222222222
SD2100928-SDRW2100004001.1.1.184,어,어,0.0
SD2100928-SDRW2100004001.1.1.279,어 그렇다 그러면 하나의,어 그다 그면 하나에,0.23076923076923078
SD2100946-SDRW2100004036.1.1.79,좀 몸에 무리가 올 때도 있기는 해,이제지 이에 이가  데도 있기는 해,0.42105263157894735
SD2100946-SDRW2100004036.1.1.8,지금 건강에 대해서 더 많이 신경을 쓰고 있는데,지은 거 에 들해서 다 이 이 하고 있는데,0.38461538461538464
SD2100946-SDRW2100004037.1.1.324,시시 티브이가 필요하지 않을까라고 생각을 해,그  지  지 제 이 이가 이 기하지 아을거 라고 해 을 해,0.7916666666666666
SD2100946-SDRW2100004038.1.1.121,또는 뭐 정말,도는 그 제,0.5714285714285714
SD2100948-SDRW2100004039.1.1.50,한 40분 정도를 더 걷게 되고 그게 한 5 6000보 되는,하  서  은 그도을 도 그게 들고 그게이 하 어    에는,0.6060606060606061
SD2100948-SDRW2100004039.1.1.83,7층은 좀 무슨 일을 마치고 가니까 버거워서,지 은 지 어은 이을 가지고 에 가 어 서,0.5833333333333334
SD2100959-SDRW2100004107.1.1.114,그러고 나서 이제 진짜로 이제 알고,그거고 나서가 이제 제 이제 고,0.3157894736842105
SD2100972-SDRW2100002556.1.1.121,안 읽으면 되는 거고 그러면 그 사람들은 안 쓰게 되지 않을까,아 있어면 데는 거고 그면은 그 나들은  서게 들지 아을가,0.38235294117647056
SD2100973-SDRW2100003833.1.1.135,노래방에서는 주로 무슨 노래 부르지,도이  에서는 그 지어 이은 거에 지,0.6842105263157895
SD2100977-SDRW2100004142.1.1.187,일하는 사람들이다 보니까,이 하는 서들이다 그니,0.46153846153846156
SD2100980-SDRW2100004147.1.1.56,렌탈 응 제주도에서 렌탈,어아 제제도에서 는,0.5384615384615384
SD2100992-SDRW2100004289.1.1.131,어 원래는 이제 내가 으 워너원을 이제 내가,어 는 이제 나가 하 어 어어 어을 이제 가,0.4583333333333333
SD2100992-SDRW2100004289.1.1.213,어 그에 맞는 비난을 받아야 된다고 생각을 해,어 그  에 있는 기나을 가아가 다다고 해을 해,0.4
SD2101008-SDRW2100001013.1.1.25,캐나다는 이제 모집하는 기간도 딱딱 있고,해나나는 이제 어지하는 기가도 다 있고,0.3181818181818182
SD2101008-SDRW2100001058.1.1.103,그 인식이 지금까지 왔는데 그,그 이 이 지은지 있는데 그,0.3125
SD2101017-SDRW2100001021.1.1.3,누가 기대 돼,니가 기도들,0.5714285714285714
SD2101017-SDRW2100001022.1.1.131,name1이는 애들이랑 연락 안 할 걸 나랑만 할 걸,그 이 이 도 아들이라 은 은 하 거 나라 을거,0.6551724137931034
SD2101018-SDRW2100001022.1.1.239,하루 종일 하는 거래,하도 이라는 거에,0.5454545454545454
SD2101018-SDRW2100001022.1.1.395,잘 나오는 시간에 많이 잡아야지,다이 나어는 기가에 이 들아지,0.47058823529411764
SD2101018-SDRW2100001024.1.1.310,나도 몰랐지,나도 어라지,0.3333333333333333
SD2101022-SDRW2100001030.1.1.303,열심히 안 해서 그런가 봐 name1아,그   해서 그 그 가 해 고 고 해 이아,0.7142857142857143
SD2101022-SDRW2100001031.1.1.194,아닐까 어떻게 생각해 name아,아니가 어어게 그 해 다 그 이,0.5882352941176471
SD2101026-SDRW2100001037.1.1.388,x 좋은 거 같아요 그런,그 은 거 아 그,0.38461538461538464
SD2101027-SDRW2100001041.1.1.221,예쁜 거 있으면 집안도 꾸미고 싶고,에은 거에 있이면 지 도 그 고기고 있고,0.5789473684210527
SD2101027-SDRW2100001044.1.1.319,친구들도,그 이그들도,1.0
SD2101035-SDRW2100001060.1.1.198,name2 교수님 같은 경우도 좀,그   이 이 이 이 이 이 이 은 거 도,1.0555555555555556
SD2101035-SDRW2100001060.1.1.23,고르려고 하고 있어,고라고 하고 있어,0.2
SD2101038-SDRW2100001061.1.1.393,그거 쉬웠던 거 같은데 내 기억에,어그거 이 이어 거 은데 나 기에,0.4444444444444444
SD2101038-SDRW2100001062.1.1.418,어 너 진짜 어울리겠다,어 나 그 어 어 어어을지게다,0.8333333333333334
SD2101038-SDRW2100001063.1.1.230,존댓말 쓰는 것도 싫긴 한데,도 데면 서는 거도 있기 하데,0.6
SD2101055-SDRW2100001100.1.1.179,라는 걸 알 수 있도록,라은 거 아  있도,0.4166666666666667
SD2101055-SDRW2100001100.1.1.385,그래 가지고,그 가지고,0.16666666666666666
SD2101086-SDRW2100001160.1.1.233,가졌잖아,가지지아,0.5
SD2101086-SDRW2100001160.1.1.288,정확히 뭘 뭘 말하는 거야,그 이  을 그하는 거,0.5
SD2101086-SDRW2100001160.1.1.55,멀리 봤을 때는 좀 괜찮지 않나,이 있을 데에는 그 그 거 아지 나,0.7058823529411765
SD2101088-SDRW2100001166.1.1.21,어 어느 정도 인제 미디어 노출하고,어 어어  도 해 이제 니 어에 도 하고,0.5263157894736842
SD2101088-SDRW2100001166.1.1.22,같이 보는 것도 공유하고 게임도 공유를 하고,가이 고는 거도 고 하고 게이도 고 하고,0.375
SD2101088-SDRW2100001166.1.1.96,지금 세대에는 스마트폰을 많이 이용하고 있기 때문에,지은 제데에는  그 아 라이 을 하이 이 이어하고 있기 기 기 에,0.6785714285714286
SD2101092-SDRW2100001171.1.1.73,굉장히 좋아해서 오늘도,그게  들아해해서 어도,0.5833333333333334
SD2101092-SDRW2100001174.1.1.165,저는 일거수일투족이 너무나,제는 이 거 서 이 도 들이 나,0.8571428571428571
SD2101094-SDRW2100001176.1.1.3,우리가 살아가면서 그래도 참 재미를 느낄 수 있는 거,그이가 서아 가면서 그라도 그 제 이 제이을 을 이 있는 거,0.5172413793103449
SD2101100-SDRW2100001188.1.1.239,본인이 싫어도,이 들어도,0.42857142857142855
SD2101100-SDRW2100001190.1.1.111,뭐 중독될까 봐 하지 말아야 된다고 하면,어 어 제도 들가 다 하지 아아 아  다고 하면,0.5909090909090909
SD2101120-SDRW2100001207.1.1.2,학교 선생님의 장점과,그그 하    서 서  들에 이 가,1.5454545454545454
SD2101120-SDRW2100001207.1.1.246,영양사님이 바뀌고,그제 이이 다기고,0.6666666666666666
SD2101120-SDRW2100001207.1.1.31,요즘은,은,0.6666666666666666
SD2101120-SDRW2100001207.1.1.63,화장을 했는데,하을 해는데,0.42857142857142855
SD2101120-SDRW2100001208.1.1.178,아침에 시간이 없거나 저녁에 약간,그아서에 기 이 있거나 지에 어,0.5
SD2101120-SDRW2100001208.1.1.186,한번 더 먹어 봤는데 정말 맛있더라고,하 면 다 거어 는는데 제 제에 아있라고,0.6
SD2101121-SDRW2100001212.1.1.276,잔소리는 계속하지 너무 늦게까지 하니까,지서이는 게  하지 는 나게지 하니,0.5238095238095238
SD2101121-SDRW2100001213.1.1.175,너무 힘들었다는 거야 그 사람을 맞추기 위해서,나  들어 다는 거 그 그 이 다을을 아 하기 해서,0.6
SD2101121-SDRW2100001214.1.1.79,그런 게 더 힘들다는 거지 그리고 앞으로,그는 게이 이 다 들다는 거지 그니고 아에,0.4090909090909091
SD2101123-SDRW2100001218.1.1.244,아무래도 사회적 문제들이 점점 불거지고,아그데도 하이 도 이제들이 이 어지고,0.5238095238095238
SD2101124-SDRW2100001216.1.1.119,서류 분류 작업을 할 때,서을  들  제 을 하 데,0.6153846153846154
SD2101124-SDRW2100001216.1.1.156,잘 모르면서 이제 네임밸류 이런 것들만 따져서 아니면 연봉만 따져서 입사하게 되는데,그그    고면서 이제 니 이 을  이은 거들을에 다라서 아니면 면 은 다아서 이 이지하게 하는데,0.6086956521739131
SD2101124-SDRW2100001216.1.1.266,어 시 전공 시험 없을 때도 와 봤고 있을 때도 와 봤는데 나는 이제,어 지 제  지 어을 데도 어 아 고 있을 데도 가 는데 나는 이제,0.34210526315789475
SD2101124-SDRW2100001218.1.1.79,맞아 그런데 만약에 집안 형편이 안 좋은데 내가 계속 이제 병원에,어 아 그는데 어 나에에 지 아 해들이는 아 은데 가 그서  이제 그 그은에,0.6388888888888888
SD2101124-SDRW2100001218.1.1.88,그런 그러니까 물론 악용되는 거는 방지하겠지만,그어 그니가 그은  아  다는 거는 지해하게지,0.56
SD2101128-SDRW2100002308.1.1.31,어떻게 보면,어게 하면은,0.5
SD2101136-SDRW2100002316.1.1.222,살아가는데 되게 좋은 영향 끼친다고 생각해서,들아가는 데 그게 그은 그을을이 기는다고 해서,0.5
SD2101152-SDRW2100003774.1.1.255,음 나는 내가 직접 수업을 듣지 않았지만,어 나는 제가 아 지기 기을 들지 아지,0.5454545454545454
SD2101161-SDRW2100003492.1.1.96,그 버스나 이런 것도 장애인들이 이제,그 어 나 이은 거도 그 지해이들이 이제,0.45
SD2101166-SDRW2100003781.1.1.341,자동차들이 최근에 이제 1월 1일 법규 바뀐 거 보셨어요 그거,그 아 도 서들을이 제에 이제 이을 이 을  도 기 거 하이어 그거,0.6470588235294118
SD2101181-SDRW2100003793.1.1.202,진짜 그래야 오래 살지,그지아 그게 어해서 지,0.75
SD2101181-SDRW2100003794.1.1.283,주인님은 와,지이이은 아,0.6666666666666666
SD2101181-SDRW2100003796.1.1.327,그러니깐 생 생존율이 0프로야,그그니가    이 이 이 어,0.625
SD2101183-SDRW2100003794.1.1.403,감당이 안 되니까 막 많이 버린다고 하더라고,가는이 어 다니가 아 이이 들다고 하라고,0.4166666666666667
SD2101225-SDRW2100002541.1.1.35,성장을 하면서,서을 하면서,0.2857142857142857
SD2101231-SDRW2100002551.1.1.148,그리고 자극적인 만큼 관심도 많이 가고,그이 고 지 가 하  면은 도  이 가고,0.5714285714285714
SD2101231-SDRW2100002552.1.1.74,어 활용 사용하는데,어 하  이  하는데,0.5
SD2101252-SDRW2100002597.1.1.125,실제로 어떤 사람인지 모르고 가상의 인물인 거나 다름없는데,을제는 어다 는 나라 이지도 도 고 가이 이 이 거나 다은 는데,0.59375
SD2101252-SDRW2100002598.1.1.298,되게 갖고 싶어서 좀 많이 찾아 봤는데,그게 가고 있어서 지 이 아 는데,0.3333333333333333
SD2101253-SDRW2100002598.1.1.240,제트플립을 보면서 느꼈는데,이제 지 이을을 하면서 는데,0.6428571428571429
SD2101253-SDRW2100002598.1.1.265,그래도 요새 되게 고민이 많이 돼,그서 이제 데게 고이 이 해,0.4444444444444444
SD2101255-SDRW2100002269.1.1.35,얘기를 해 주는 걸 수도 있는데 이렇게,이기을 해 는 거 도 있는데 이게,0.2857142857142857
SD2101275-SDRW2100003944.1.1.148,내가 사고 낼 거 같아 남들이 사고 내는 것보단,데가 서고 을 거 아 나들이 서고 에는 거 다,0.38461538461538464
SD2101353-SDRW2100003821.1.1.276,그래서 술 취해서 버스 타고 가는데 너무 토할 거 같아 가지고,그기서 서 이해서 어 가고 가는 데 는 도  거 아 가지고,0.35294117647058826
SD2101372-SDRW2100002578.1.1.254,좀 만족할 만한 그런 게 더 많을 수도 있을 거 같아,그 면 면 면 그은 게 다 을 거도 있을 거 아,0.3793103448275862
SD2101372-SDRW2100002578.1.1.374,몰라 계속 요즘,그라 해서 이,0.625
SD2101376-SDRW2100002581.1.1.173,몽환 이런 느낌도 있고,어하 이라는 도 있고,0.5
SD2101387-SDRW2100002980.1.1.87,왜냐하면 시리즈물은 뒤로 갈수록 소재가 떨어지고,어 그나하면 그 지이 지 을은는 이 기어 가 도  서제가 어지고,0.9230769230769231
SD2101394-SDRW2100002992.1.1.58,응 그렇지 그래서,그지 그서,0.4444444444444444
SD2101394-SDRW2100002992.1.1.60,아 인터넷 쇼핑이 요즘 파업 때문에 좀 길어지니까,아 이 이 서 이이을이 이제 하어  다에 이 기어지니,0.6296296296296297
SD2101394-SDRW2100002994.1.1.311,더 하루 종일 일하고 하루 종일 설거지하고 하는데 그걸 다들 당당하게 생각을 하는 게 나는,어 하도 도이 이하고 하 하어 에 서거지 하고 하는데 그거을 다들 다하하게  하는 게 나는,0.38
SD2101394-SDRW2100002995.1.1.200,나한테는 내 그냥 내가 다닌 학교고 막 그러니까,나는 나 그면 나가 다니 하기고 그 그하니,0.4230769230769231
SD2101417-SDRW2100002736.1.1.113,아 그렇구나,아아 그거나,0.5
SD2101417-SDRW2100002738.1.1.185,아이를 임신하고 아이가 나갔을 때,아이들 이 하고 아이가 나가을,0.3333333333333333
SD2101418-SDRW2100002737.1.1.307,약간 거기에 대해서 이해하는 감정이 점점 생기는 거 같아,그가 거기에 그해서 이해하는 게 가이 이 제  기는 거 아,0.3548387096774194
SD2101429-SDRW2100002590.1.1.337,이거는 쪼금 다른 얘기일 수 있는데 이제,이거는 지 다은 이기 있는데 이제,0.3181818181818182
SD2101435-SDRW2100004176.1.1.127,어 안 보이는 그냥 우리 라디오나 아니면 시디 이런 것만 들을 때는,어 아 고이는 그나 어 라데어 아니면 지 이 이 거 들을 데는,0.40540540540540543
SD2101435-SDRW2100004176.1.1.90,네가 얘길 하니까 인제 엄마,니가 이기 하니가 이제 아니,0.4666666666666667
SD2101435-SDRW2100004177.1.1.234,또 다른 자극을 받을 수도 있고,도 다 다는 지 가을 을 도 있고,0.5294117647058824
SD2101435-SDRW2100004178.1.1.111,대상을 가지고 인제 어 좀 이렇게 차단도 해주고,제제을 가지고 이제 어 어   이이게 하  도 해 지고,0.46153846153846156
SD2101456-SDRW2100004254.1.1.362,그래서 되게 나는 의미가,그 데  나는 을이가,0.46153846153846156
SD2101456-SDRW2100004255.1.1.224,그래도 그런 신재생 에너지들을 좀 더 발전하고,그게도 그은 은 제이 에니지들을   다 아 하고,0.44
SD2101470-SDRW2100002616.1.1.84,월 6만 원에서 8만 원까지,을     에서 하 면 어  가지,0.7333333333333333
SD2101480-SDRW2100002630.1.1.167,어 원자력 기술의 발달을 저해할 수 있다는 그런 이유만으로,어 어  어  기 기 들에 다을 지해 하 거 있다는 그은 이 이제 면을,0.6875
SD2101483-SDRW2100002632.1.1.123,옷이나,이나,0.3333333333333333
SD2101497-SDRW2100002280.1.1.149,운동 관람하는 것에 있어서 텔레비전으로도 잘 보지 않는,은    하는 거에 있해어서 어 을 라 이 이에서도  지 는,0.6333333333333333
SD2101497-SDRW2100004196.1.1.249,그럴 수도 있지,그 도 있지,0.25
SD2101530-SDRW2100001529.1.1.284,맞아 맞아,아 아,0.4
SD2101531-SDRW2100001531.1.1.491,어,어,0.0
SD2101534-SDRW2100001533.1.1.311,뭐 그런 복합적인 요인이 막 작용할 수도 있어,어 그은 거 고하 도이 이이이 다 아  지이 있어,0.68
SD2101562-SDRW2100001562.1.1.418,어,어,0.0
SD2101568-SDRW2100001567.1.1.68,너는,나는,0.5
SD2101572-SDRW2100001571.1.1.495,아니 왜냐하면 그쪽 길이 좀 외진 길이라서,어 아니 아 하면 그 그  기이 이 에지 기이라서,0.5217391304347826
SD2101582-SDRW2100001581.1.1.210,아 진짜,아 지,0.5
SD2101582-SDRW2100001581.1.1.405,그 서로 처음에는 1화에선 되게,그서 서을 서에는 이어에서 게,0.47058823529411764
SD2101582-SDRW2100001581.1.1.523,아 그 환불원정대,아 그 그 거 은는 데,0.8888888888888888
SD2101588-SDRW2100001588.1.1.204,당근 하면은,다은하면은,0.5
SD2101588-SDRW2100001588.1.1.390,그것도 괜찮지,그 거도 그 아지,0.7142857142857143
SD2101610-SDRW2100001610.1.1.157,어 나는 최근에,어어 나는 그 그에,0.5
SD2101610-SDRW2100001610.1.1.295,아니 아직 한 번도 안 사 봐서 모르겠어,아니 아지 하  면도 아 서 아서 그 고라어,0.5
SD2101611-SDRW2100001612.1.1.292,신뢰가 쌓이면은 우정이 생기는 거 같아,해가 나이면은 이 이 기는 거 아,0.3333333333333333
SD2101623-SDRW2100001623.1.1.267,어허 나 나는 밥 먹었어,어 어 나 나는 다 들어어,0.38461538461538464
SD2101624-SDRW2100001623.1.1.214,얘기하고 싶은 거,이기하고 은 거,0.2222222222222222
SD2101625-SDRW2100001625.1.1.157,어 맞아 맞아,어 아 아,0.2857142857142857
SD2101625-SDRW2100001625.1.1.529,야 나 찢었어 찢어 먹었어,나 나 지어 아 지어 하어서 그고,0.8571428571428571
SD2101627-SDRW2100001627.1.1.382,으응,어,1.0
SD2101633-SDRW2100002208.1.1.140,어,어,0.0
SD2101637-SDRW2100001643.1.1.90,알겠다고 간다고 그랬지,아 아게다고 다고 그지,0.5
SD2101658-SDRW2100001681.1.1.1,name1이랑 제일 친하잖아,이 이 이 제게 하지아,0.6
SD2101661-SDRW2100001689.1.1.150,내년 3월에 하지,그  에 하지,0.4444444444444444
SD2101661-SDRW2100001690.1.1.389,약간 좀 달라진 게 눈에 보일 정도로 수준이 좀,그가 다라하는 게 이 에  고이 도도 이,0.6923076923076923
SD2101661-SDRW2100001692.1.1.184,뭔가 좀 밥 종류가 먹고 싶어,그가 도 그 는 다 이가 고 어,0.625
SD2101671-SDRW2100001712.1.1.365,오빠는 지금 당장 끝나고 시간이 많다면,아 는 지은 다 제가 그나고 기가이 다면,0.5238095238095238
SD2101675-SDRW2100002212.1.1.210,군대에 좀 약간 신기한 사실을 안 느낌이야,그데에에 그 아가  기해하는  이 을 아는 는 이,0.782608695652174
SD2101690-SDRW2100001747.1.1.18,그래서 언니는 좀 그런,,1.0
SD2101704-SDRW2100001776.1.1.47,아 맞다 name1이 언니,아 나다 그  이 이,0.5714285714285714
SD2101714-SDRW2100002224.1.1.273,항상 그 김종국씨가 강조했던 운동 중에 하나잖아,그제 그 그 기 고 고 이가 그 가제 있다 은  하나아,0.7692307692307693
SD2101714-SDRW2100002225.1.1.171,뭐 이런 애들 있잖아 이쁜 애들,아 이 이들 있지아 이은 들,0.35294117647058826
SD2101717-SDRW2100001801.1.1.78,살이 찌고 건강해져야 되는데,서이 지고 이 이 이 가 해 지어 하는데,0.9333333333333333
SD2101727-SDRW2100001821.1.1.198,렌터카 회산데,는그 하 에서데,0.8571428571428571
SD2101727-SDRW2100001821.1.1.312,그 석박사 전형이 있더라고,그 서 서  이 있다라고,0.42857142857142855
SD2101727-SDRW2100001821.1.1.6,식품 회산데,은면서데,0.8333333333333334
SD2101728-SDRW2100001821.1.1.224,어,어,0.0
SD2101728-SDRW2100001823.1.1.278,게임이 재밌으면 보고 있고,게이이 제있어면 고 있고,0.35714285714285715
SD2101728-SDRW2100001823.1.1.70,빠르게 랩 하면 아 쟤 랩스큐럽다 빠르게만 말할 뿐이다 막 이래 갖고,그 다게 라 하 하면  아  제라 라서기 라 다가 다게 면 아 을 거이 다 이어 가고,0.7631578947368421
SD2101739-SDRW2100001845.1.1.122,나 저번에 네가 연예인는 안 늙는다 했잖아,나 도 이에 니가 나 은에 들 아 는는다고 하아,0.6521739130434783
SD2101739-SDRW2100001845.1.1.47,그래서 그런 느낌 때문에 다시 정주행을 못 해,그 서 그그 그 도   이  다 제을  하어,0.6
SD2101746-SDRW2100001857.1.1.104,영상이나 노래 음원이나 이런 것 구하기가 어려워 누가,그 이 나 그  은 이나 이는 거 고하기가 어 그고 가,0.4827586206896552
SD2101750-SDRW2100001866.1.1.124,어 나는 원래 활동적인 거를 별로 안 좋아해 가지고,어어 나는 그 그라 가 하도 거이 그  아해 가지고,0.4642857142857143
SD2101750-SDRW2100001868.1.1.118,네가 야구를 보듯이 나도 축구를 되게 진심으로 보는 편인데 그래서 나도,니 가 이아을을 해 하들이 나도 그 지고들 제게 지 기을을 하는 면이데 그서 나도,0.6410256410256411
SD2101762-SDRW2100001891.1.1.170,그거 다 남편인 고수 때문에 우선 다 고생한 거긴 한데,그 거  나  나 나 이 그 그 고서 그 다에 어 다 고  거기 하데,0.7666666666666667
SD2101762-SDRW2100001891.1.1.208,뭐 스파이더맨이라든가,어 하이 데 이라는가,0.6363636363636364
SD2101762-SDRW2100001892.1.1.199,우선은 최대한 하는 거 봐서 7시 전에 들어오는 게 목표야 우선은,그서은 제데하 하는 거 가서 에이거 이 에 들어 는 는 게 해고아 하 어서은,0.5833333333333334
SD2101769-SDRW2100001907.1.1.149,그래 가지고 내가,그 가지고 가,0.2222222222222222
SD2101771-SDRW2100001909.1.1.107,춤 췄잖아 몰라,아 고  아 라,0.625
SD2101771-SDRW2100001909.1.1.314,음 그럼 다행히다 나는,그면 다이다 나는,0.4166666666666667
SD2101771-SDRW2100001909.1.1.62,목소리 너무 좋아,가서이 는 들아,0.6666666666666666
SD2101775-SDRW2100001919.1.1.134,꼬치 한 개씩 사 먹으면 그렇게 비싸진 않은데,고 이 하 게 지 서 있을면은 그게게 있하지는 아은데,0.68
SD2101787-SDRW2100001941.1.1.58,뭐 더 신경 써야 되는 거 이런 거는 많이 없었어,어  다  기 어해 하는 거 이 거는  이 이 어,0.4444444444444444
SD2101793-SDRW2100001955.1.1.64,우리가,이가,0.6666666666666666
SD2101816-SDRW2100001997.1.1.177,첫 째다 보니까 이게 부모님한테 나 일해요 힘들어요 뭐 이렇게 했으면 좋겠어요 라는 얘기를,제 다 하니 이게 이 아어 니들 이 나 이 해에어 이들어어   이이게 하면면 있어 라는 이기을,0.56
SD2101816-SDRW2100001998.1.1.271,할 수 있는 사람이,을 도 있는 이,0.4
SD2101816-SDRW2100001999.1.1.356,근데 단지 이걸 아 이걸 꼭 언제,그데 다지 이거 아 이거 고 어제,0.3333333333333333
SD2101819-SDRW2100002007.1.1.108,지금 나는 이제 이런 반복된 실수를 예를 들어 하나는 뭐 불 안 끄고 다니는 거,아 지은 나는 이제  이은  제  다는 지 을 이 제  들어서 하나하는 이제 어 어게게  그고 다니는 거,0.6363636363636364
SD2101819-SDRW2100002008.1.1.40,불화가 생기는 일이 생겨선 안 되고,고하하가 서기는 이이 어기서는  데고,0.5789473684210527
SD2101830-SDRW2100002027.1.1.49,지금,지,0.5
SD2101848-SDRW2100002061.1.1.148,그거 뭐냐 토요 즐거운 뭔 놀토,그거 그니 아 아 하 도  지거은  은 들도,0.9411764705882353
SD2101848-SDRW2100002063.1.1.108,얘만 쫓아다니니까 이게 휴가인지가 모르겠더라고,이 해는 있아 하니가 이게이 이 가 지가 다 고다라고,0.64
SD2101848-SDRW2100002064.1.1.100,하는 게 낫지 않,하는 게 나지,0.3333333333333333
SD2101868-SDRW2100002088.1.1.288,나는 그래서,나는 그서,0.16666666666666666
SD2101881-SDRW2100002108.1.1.67,그런 것도 되게 좋은 것 같아,그은 거도 제게 은 거 있아,0.375
SD2101930-SDRW2100002297.1.1.66,맞아 그리고 약간,나아 그니고 아,0.4444444444444444
SD2101960-SDRW2100002329.1.1.45,제가 정말 아픈 병에 걸려서,제가 제 아은 거에 거라서,0.4
SD2101998-SDRW2100002376.1.1.158,그래서 그거 자체가 좀 약간 오만이고 그 사람,그해서 그 거 그 가제가   아가 어  이고 그 나,0.56
SD2102035-SDRW2100002414.1.1.196,나도 윤스테이 봤는데,나 도 은서하에 는데,0.5454545454545454
SD2102040-SDRW2100002422.1.1.238,나도 그 에밀리 파리에 가다에 나오는,나도 그 그 에에이 하이에가 나이 나는,0.55
SD2102040-SDRW2100002422.1.1.262,생각보다 있다고 느꼈어,그 제 가 하다 있다고 그 어,0.75
SD2102040-SDRW2100002424.1.1.70,그럴 때 막 뉴스 댓글에서,그을  데 그 그 그 이  에서,0.7142857142857143
SD2102042-SDRW2100002425.1.1.176,그럼 펫 숍에서 반려동물을 데려오는 건,그은 해   에서 그 가 라 들 을 데어고는 거,0.7142857142857143
SD2102042-SDRW2100002427.1.1.192,이제 얼굴도 선명하게 드러나고,이제 이 어  도 서면하게 들어나고,0.5625
SD2102043-SDRW2100002425.1.1.104,동 발 그러니까 동물들이,도  그니가 도 들이,0.46153846153846156
SD2102043-SDRW2100002427.1.1.162,시시 티브이 서울에 있는,이 지 이 서에 있는,0.38461538461538464
SD2102044-SDRW2100002426.1.1.315,특히 언니한테 이게 되게,그이 아니 이게이 게,0.5384615384615384
SD2102055-SDRW2100002245.1.1.237,딱히 그런,그,0.8
SD2102085-SDRW2100002494.1.1.151,그래서 광주 콘서트 중에서,그해서 가지 그서 에서,0.42857142857142855
SD2102085-SDRW2100002496.1.1.40,그리고 그 보통 애완견,그이고 그 그 그 그 그 그 그 에 이 에,1.4166666666666667
SD2102094-SDRW2100002521.1.1.141,그렇지 나는 특히 쇼핑을 할 때,그지 나는 그이 이 을 하 게,0.4117647058823529
SD2102094-SDRW2100002522.1.1.39,이번에 이 스포츠가,이 에 이 이 지도 가,0.6
SD2102095-SDRW2100002521.1.1.84,그냥 그런 것처럼,아가 그는 거들,0.6666666666666666
SD2102095-SDRW2100002522.1.1.27,너는 그 이 스포츠 얼마나 자주 해,나는 그 이 지이 가 어나 다 해,0.47368421052631576
SD2102095-SDRW2100002522.1.1.318,뭐 수영도 그렇고,어 어 이 그고,0.5555555555555556
SD2102095-SDRW2100002523.1.1.300,아 자꾸 말이 나오는 게 그 안정성 문젠데,아 아 그 하이 나가는 게이 그 거 아에서은 제는데,0.6086956521739131
SD2102107-SDRW2100004217.1.1.232,그런 것도 찾아 듣기도 하고,그 거도 하아 있기도 하고,0.26666666666666666
SD2102107-SDRW2100004220.1.1.2,그런 걸로 되게 성향도 잘 파악하고,그은 거도 이게 그 서도 다  하고,0.5263157894736842
SD2102124-SDRW2100004227.1.1.262,압력 차이도 나기 날테고 내가 그렇게 힘이 세지 않아 그래서,그 이도 나들이 나이 다고 나가 그게 이 들지 아 그서,0.45454545454545453
SD2102128-SDRW2100004232.1.1.180,그렇지 어느 날은 스트레스가 쌓이니까,그 그지 어는 나은는는 는 서들에이가 이니,0.7
SD2102131-SDRW2100004322.1.1.110,내가 학교 이메일이 없어서,제가 하 이해  이  어서,0.5
SD2102131-SDRW2100004322.1.1.158,아이패드가 구매하고 싶어졌데,아이  에들가 고 하고 이어지데,0.5333333333333333
SD2102131-SDRW2100004323.1.1.9,깻잎을 떼어주면 어떤 거 같아,게 니을 어 지면 어도 거 아,0.5
SD2102142-SDRW2100004271.1.1.39,방사능 폐기물 처리 그런 게 좀 번거롭고,그  서 은 해기을 거이 그는 게이 이 거거고,0.6818181818181818
SD2102152-SDRW2100003909.1.1.72,내 나름대로 또 그게 좀 와닿았더라고,이제  나는 데 도 그게이 이 이 이 아 있 라고,0.85
SD2102161-SDRW2100003971.1.1.154,음 맞아,아,0.75
SD2102163-SDRW2100003974.1.1.408,이제 지옥 같다고 이제 지옥철이라고 얘기를 하는데 이제,이제 지어 가다고 이제 지하 이라고 이기 하는데 이제,0.2
SD2102167-SDRW2100002961.1.1.248,근데 간호사도 뭐,그데 그 가어 도,0.6666666666666666
SD2102167-SDRW2100002962.1.1.279,그래서 쇼핑할 때에서도,그해서 그 서이 하 데에서도,0.6666666666666666
SD2102167-SDRW2100002962.1.1.33,휴대폰에 대한 기기 값에 대한 부담보다는 솔직히 요금제에 대한 부담이 많지,서 제  에  기기 가에 제하 고다 하다는 는  이  제에해에 데하 그 그이 지,0.6585365853658537
SD2102183-SDRW2100003887.1.1.190,그 부분에서도 그냥 아무거나 해야 하나,그 그 기 에서도 그 아거나 해 하나,0.3333333333333333
SD2102183-SDRW2100003888.1.1.93,관심이나,이 나,0.75
SD2102188-SDRW2100003892.1.1.207,이제 어떤 식으로 하고 싶어 뭐 월세 뭐 매매 이런 게 있잖아,이제 어 어 어  하고 있어 어 어 어 어 해 이 게 있지아,0.4411764705882353
SD2102194-SDRW2100003982.1.1.61,눈물을 흘린 적이 있거든,나 을을 을 이 있거,0.5384615384615384
SD2102194-SDRW2100003983.1.1.279,우리 삼촌만 항상 오시고,그이 도 서는    다 이 이고,1.0
SD2102200-SDRW2100003996.1.1.254,법으로 할 필욘 없지,거거을 하 데는 지,0.6363636363636364
SD2102216-SDRW2100002863.1.1.148,물론 서울로 취직 안 하고 다른 데로 취직했으면은 상관없겠지만 대부분,그라 서을을 지지 하고 다는 데도 이지 하 면은는 은가은 하있그지은 그 데 고,0.7631578947368421
SD2102216-SDRW2100002863.1.1.333,모든 대학생의 로망이잖아,그 하 데 그 들 에이나 도 이아,1.1538461538461537
SD2102216-SDRW2100002864.1.1.98,잘못된 정보가 아니라 악의적으로 그거를,그제 어   아니 라 아기이 그거을,0.6190476190476191
SD2102217-SDRW2100002861.1.1.182,그래도 우선은,그해도 어서은,0.42857142857142855
SD2102217-SDRW2100002862.1.1.185,블랙핑크도 한번 찾아볼게,들 라 도도 아 나 다아 게,0.7692307692307693
SD2102231-SDRW2100002889.1.1.264,타고 다녀서 그랬나,하고 다니서 그나,0.3
SD2102231-SDRW2100002890.1.1.168,이거를 근데 좀,이거을 그데,0.5
SD2102231-SDRW2100002891.1.1.671,느낌도 달라지고,게도 다라지고,0.375
SD2102231-SDRW2100002892.1.1.35,결혼식을 갔던 게,그 그은 게,0.6666666666666666
SD2102237-SDRW2100002913.1.1.192,근데 면목역에서 건대까지 금방 오잖아요 7호선 타면,그데 면 면 고에서가 가 데가지 그 그은 어 어지아 그 지  다에,0.8928571428571429
SD2102237-SDRW2100002914.1.1.327,그리고 절하는 것도,그고 하는 거도,0.3
SD2102237-SDRW2100002915.1.1.251,안 되니까,아 니,0.6
SD2102253-SDRW2100002809.1.1.12,투자에 적극적으로 참여를 하고 있지는 않은 상황인 거 같아,도 제해에 해 지그 지 도  이 하고 있지는는 아은 이 거 아,0.625
SD2102253-SDRW2100002810.1.1.329,구입할 의향이 있으면 그 사이트에서,고이하 에이 있면 그 다이에서,0.42105263157894735
SD2102253-SDRW2100002810.1.1.348,가격,그가기,1.0
SD2102253-SDRW2100002811.1.1.243,으응,,1.0
SD2102281-SDRW2100002744.1.1.326,어 이런 것들도 계속 점점 많이 발전하고 있잖아,어 이은 거들 도 기서 은   이 다 하고 있지아,0.4230769230769231
SD2102297-SDRW2100004434.1.1.343,마음 맞는 집으로 간 게 지금 집이거든,나 있는 지을  게 지은 지이거,0.47619047619047616
SD2102298-SDRW2100004371.1.1.61,맞아 그리고 울산은 대체 할 수 있는 게 진짜 없음,어아 그이고 을 은 데   있는 게 지 어,0.42857142857142855
SD2102356-SDRW2100004429.1.1.117,갔으면 하는데,가서면 하는데,0.2857142857142857
SD2102356-SDRW2100004429.1.1.96,이런 운동은,이은 어 은,0.5
SD2102356-SDRW2100004430.1.1.125,그거 돋워야 되지 이러면 경비도 많이 들어 갖고,그거 도다이게 다지 이게 면 게제도 이 들어 가고,0.4230769230769231
SD2102356-SDRW2100004432.1.1.76,나도 이 뭐 공기업에서 이 평생 그랬고 그분은 또 공무원,나도 이 고기 에서 이 게  거 있고 그 을을 도 고면,0.5161290322580645
SD2102387-SDRW2100004329.1.1.338,스스로 이제 내가 뭔가를 일궈나간다라는 거 얘기하는 거 맞지,서 이제 제가 가을 이어 나가다 라는 거 이기 하는 거 나지,0.42424242424242425
SD2102387-SDRW2100004332.1.1.94,어 맞아 나도,어 아 나도,0.14285714285714285
SD2102388-SDRW2100004329.1.1.309,그냥 처음부터,그그면 그 다에 어,1.1428571428571428
SD2102388-SDRW2100004332.1.1.326,버스보다는 이제 장거리 같은 경우는,어  다는 이제 제거이 가은 거는,0.42105263157894735
SD2102409-SDRW2100004381.1.1.359,아들 아들 해서 나는 그것이 항상 한이 맺혔거든,아들 아들 해서 나는 그게이 하 하니에 있있거,0.34615384615384615
SD2102409-SDRW2100004381.1.1.360,근데 아빠는 뭐 아들도 많고 그래서 상관없어,데 아아는  아들도 하고 그해서 아 하어,0.3333333333333333
SD2102409-SDRW2100004384.1.1.162,싸이월드 그런 거,아 이 을들 그 거,0.6666666666666666
SD2102409-SDRW2100004384.1.1.17,나 요즘 노래 안 들어 이러는 거야 그래서,나 이제 나에  들어가 이하는 거,0.5217391304347826
SD2102409-SDRW2100004384.1.1.18,너 요즘 텔레비전 보잖아 그랬더니,나 이지 들이 이 아니,0.7222222222222222
SD2102409-SDRW2100004384.1.1.304,근데 난 지금도 팝송을 하나도 다 외우는 것이 없어,그 데 나는 지그도 아 하나도 다 어어하는 게이 있어,0.4642857142857143
SD2103010-SDRW2100003017.1.1.218,나중에라도 말할 수 있는 거잖아,나지에라도 그 을  있는 거지아,0.35294117647058826
SD2103010-SDRW2100003018.1.1.291,근데 뭐 버스로 한 번에 간다,그데가 어 이 가   하 면에 다,0.6875
SD2103010-SDRW2100003019.1.1.240,알바 하는 언니가 경주를 갔다 왔는데,아아하는 아니가 그제을 가다 는데,0.45
SD2103010-SDRW2100003019.1.1.247,그래서 경주를 가고 싶다는 생각을 했지 속초도 가 본 적이 없고,그서 그제을 가고 있다 는고 기을을 해지 서도 가   이 있고,0.42857142857142855
SD2103014-SDRW2100003028.1.1.101,그러는데 당신은 그냥 멋있지가 않은가 봐,그라는 데 다 은 그나 어있지가 아은가,0.4090909090909091
SD2103016-SDRW2100003032.1.1.215,그,그,0.0
SD2103036-SDRW2100003069.1.1.60,가려졌어,가어지어,0.5
SD2103036-SDRW2100003071.1.1.58,어 그 집도 내가 언니를 데리고 갔었지,어 그 지도 데가 어니 데니 고 가지,0.38095238095238093
SD2103036-SDRW2100003072.1.1.97,응,,1.0
SD2103040-SDRW2100003077.1.1.185,또 뿌리 깊게 박혀있었거든,도 들이에 있게 다 있거,0.6428571428571429
SD2103040-SDRW2100003078.1.1.143,도 있는 것 같고,도 있는 거 고,0.2222222222222222
SD2103040-SDRW2100003079.1.1.303,뭐 기본적으로 짜장면 탕수육,어  기도 들 도 가 면,0.8
SD2103048-SDRW2100003094.1.1.279,응 타 보긴 했는데 그걸 기차를 활용해서,어 다 가기는 해는데 그거을 기아들 하해서,0.5454545454545454
SD2103054-SDRW2100003106.1.1.91,부 부평구청에서 버스 타고 갔었어,그 그  그  에서  어 가고 가어,0.6666666666666666
SD2103061-SDRW2100003121.1.1.117,옛날 노래도 많이 들어,그나 그 도 이 들어,0.4166666666666667
SD2103061-SDRW2100003121.1.1.16,어 너 한요한의 반복 알아,어 나 하 니 아에 그 은   아,0.8571428571428571
SD2103062-SDRW2100003123.1.1.183,나는 지금 보는 중이야,나는 지은 도는 지이,0.3333333333333333
SD2103077-SDRW2100003153.1.1.133,그거 물려 입어요,그거 어 있어,0.4444444444444444
SD2103077-SDRW2100003156.1.1.25,요새 그거에 편리성을 좀 많이 느끼고 있거든요,이제 그거  에 어 면지해 을   이이 이기고 있거는,0.64
SD2103084-SDRW2100003166.1.1.194,기분이 좋아할 사람은 없지,기들들이 도아해는 서은은 지,0.5714285714285714
SD2103084-SDRW2100003168.1.1.198,이세돌 구단이 바둑을 뒀었던 게,이 제 들  고 다이 다 다도을 도  게,0.8823529411764706
SD2103087-SDRW2100003173.1.1.335,그거 보고 있으면,그거 고 있면,0.2222222222222222
SD2103096-SDRW2100003190.1.1.113,그렇지 누나가 이제,그지 나가 이제,0.2
SD2103096-SDRW2100003191.1.1.101,간단하게 막 피크닉을 즐길 거다,그데하게 어 니 그 니을 들 거다,0.5882352941176471
SD2103096-SDRW2100003191.1.1.105,샀으면 좋겠는데,서 어면 그게는데,0.625
SD2103105-SDRW2100003209.1.1.234,라서 여기 저기 투자하는 건 가치가 더 좋은 거 같아,라서 거기 이기에 제 하는 거 가이가 다 은 거 아,0.3448275862068966
SD2103108-SDRW2100003215.1.1.116,몇몇 내가 좀 선호하는,면 면 제가 그 면 서 하는,0.75
SD2103108-SDRW2100003216.1.1.112,그렇게까지 하면은 진짜 이것이,그게가지 하면은  이게,0.375
SD2103108-SDRW2100003216.1.1.239,인 거 같아,이 거 아,0.3333333333333333
SD2103109-SDRW2100003219.1.1.10,유튜브 이런 거는 잘 찾아 보지도 않았는데,이 이은 거는 제 아 가지는 는데,0.43478260869565216
SD2103501-SDRW2100003501.1.1.375,어 뭐였지 어글리였나 어글리 말고,어 어 있지 어그이이나 어을니 고,0.5
SD2103501-SDRW2100003503.1.1.136,다쳤구먼,다 고나,0.75
SD2103508-SDRW2100003514.1.1.247,하고 이제,하고 이제,0.0
SD2103514-SDRW2100003528.1.1.10,그렇지 결혼 나는 결혼을 안 할 거거든,그지 그 나는 그 그 을   거거,0.42857142857142855
SD2103550-SDRW2100003597.1.1.152,내가 가 줄 테니까 같이,나가 가 을 데니가 이,0.38461538461538464
SD2103571-SDRW2100003641.1.1.140,그래서 companyname2만 보고,그서 그  이 이 도   고,0.75
SD2103571-SDRW2100003642.1.1.97,삼성페이 나 깔려 있는데,그 면 게이나 라 있는데,0.6153846153846154
SD2103571-SDRW2100003644.1.1.155,항 항상 컴플레인을 걸거야 이거 왜 이랬냐,하 그 그 그 그 그라이을 그 거 이게   이 은,0.782608695652174
SD2103579-SDRW2100003658.1.1.28,아 흑룡강상 안에 이제 목당강,아 은 가서 아에 이제  다가,0.5
SD2103579-SDRW2100003658.1.1.287,그런 생각을 하는데 그 뭐 가끔씩 후회,그는 해을 하는데 그는   가 지 하에,0.42857142857142855
SD2103579-SDRW2100003658.1.1.95,어 유명한 반찬,어는 이 이 이 이 이 이 면,1.625
SD2103583-SDRW2100003665.1.1.72,가는 데만 거의 2시간 걸리잖아,가는 데 가 거기에 도 기은 거라아,0.6470588235294118
SD2103583-SDRW2100003666.1.1.199,가격도 되게 싸고,가 도 게 나고,0.3333333333333333
SD2103585-SDRW2100003671.1.1.85,그런 그 공모하는 그 신발들 있잖아,그면 그 거 고 하는 그 그 제들 있지아,0.47368421052631576
SD2103585-SDRW2100003672.1.1.103,예전에 논란됐던 일베,이 에 는 데 다 이에,0.8181818181818182
SD2103597-SDRW2100003693.1.1.300,이제 걔가 견제 많이 나오고 부상 많이 당하고 하긴 하지만,이제가 게가 제에 아이 나하고 그 이 다하고 하기 하지,0.375
SD2103597-SDRW2100003695.1.1.278,팝송도 이제 어 들리네 좋네 그러면,하 도 이제 어 들니 는 그은,0.42105263157894735
SD2103597-SDRW2100003696.1.1.256,나아가는 게 맞지 이거를,나아가는 게 나지 이거을,0.15384615384615385
SD2103600-SDRW2100003697.1.1.103,어 약간 고양이계의 강형욱 약간 그런 느낌인가,어 그 고아이에 에에 가하  은 이 이 그그 그 그은 거 이가,0.96
SD2103600-SDRW2100003697.1.1.264,약간 오구오구 하는 게 아니라 우와,그 어고하고 하는 게 아니라 아,0.42105263157894735
SD2103614-SDRW2100003726.1.1.116,그런 뉴스 들으니까 좀,그 이서 들이니,0.5833333333333334
SD2103614-SDRW2100003728.1.1.87,오히려 학교 가서 애들 만나 갖고,어이  하 가서 아들 나 가고,0.4444444444444444
SD2103615-SDRW2100003730.1.1.152,어 쟤 왜 일하면서 노래를 들어,어  제 게 이하면서 그 그 들어,0.4117647058823529
SD2103615-SDRW2100003730.1.1.254,그건 좀 무거운 거야,그거은는 그 어거은 거,0.6363636363636364
SD2103624-SDRW2100003745.1.1.121,근데 그 1인치 차인데,그데 그 이 이 지 이데,0.5833333333333334
SD2103624-SDRW2100003748.1.1.310,응 그거는 우리가,어 그 거는 어 가,0.4444444444444444
SD2103627-SDRW2100003755.1.1.113,음,,1.0
SD2103627-SDRW2100003755.1.1.283,아니면 그 가족들의 동의까지 다 필요한 거야,그면 그 가제들이 도이기 지지 다 다  거,0.5416666666666666
SD2103632-SDRW2100001251.1.1.258,신랑도 책임을 진다고 했지만,이 도 지을 지다고 하지,0.4666666666666667
SD2103632-SDRW2100001252.1.1.120,그런 데로 근데 어쨌든,그는 데도 그데 어제,0.4166666666666667
SD2103632-SDRW2100001252.1.1.195,신제품을 사는 게 나았을 수 있었겠다,이제 해을 하는 게이 나을을 서 있다,0.45
SD2103632-SDRW2100001254.1.1.215,사실은 들어가서 보지도 않아요,아이은 들어가서 지도 아아,0.3125
SD2103645-SDRW2100001263.1.1.155,더 비싸단 생각이 들잖아 이거는,도 이하다는 이 들지아 이거는,0.47058823529411764
SD2103645-SDRW2100001263.1.1.29,알아보고 좋은 거 사고 그러는데,아아고 은 거 하고 그하는데,0.29411764705882354
SD2103650-SDRW2100001274.1.1.64,롤에서 이번에 애니 나왔었거든,에서 이거에 아이 나아어거,0.4375
SD2103650-SDRW2100001276.1.1.201,망하지 뭐,나아지,0.8
SD2103650-SDRW2100001276.1.1.98,임금도 많이 오르지 않을까,이 고 도 아이 고라지 아을,0.6428571428571429
SD2103691-SDRW2100002509.1.1.234,할 수 있을까,하 거 있을,0.42857142857142855
SD2110109-SDRW2100000110.1.1.48,나 요번에 여수 갈 때 케이티엑스 타 봤는데,어 나 이거에 어서 가 데 게이 지 에서 다 는데,0.6666666666666666
SD2110334-SDRW2100000333.1.1.46,왜 불,에을,1.0
SD2110334-SDRW2100000334.1.1.231,그것도 운이다,그거도 이다,0.2857142857142857
SD2110426-SDRW2100000425.1.1.385,노래 이름이 뭐지,데 이이 지,0.4444444444444444
SD2110523-SDRW2100000602.1.1.176,아무래도 아직도 좋아하는 게 보이기 때문에,아니데도 아 아이도 아하는 게 이이기기 기 기 에,0.5217391304347826
SD2110523-SDRW2100000602.1.1.67,이제 연애 시작하고 부터는 좀 별로 였던거 같아,이제  면해에에에 제 하고  도어는   면이 거 아,0.6538461538461539
SD2110625-SDRW2100000802.1.1.34,뭐 그런 음식 한번,어  그는 이 이,0.7
SD2110625-SDRW2100000803.1.1.64,상황을 내가,하을 가,0.5
SD2110665-SDRW2100000879.1.1.108,나는 내 아는 애는 고양이를,나는 나 아는 에는 고 이들,0.26666666666666666
SD2110665-SDRW2100000881.1.1.77,옆에 일을 보니까 물을 자주 마시더라고 텀블러에 다 가져와서 근데 내가 물을 좀 자주 안 마시는 편이거든,이에 을 거니고 을을 아 아  하이도라고 그 어  다 가지 가서 그데 나가 면을 지 는 아    하는 면이거,0.5344827586206896
SD2110665-SDRW2100000882.1.1.234,적응하는 거는 조금 적응이 되겠지,을 하는 거는 이 지은 이  지,0.5
SD2110736-SDRW2100001318.1.1.8,너 그거 봤어,나 그거 어,0.2857142857142857
SD2110736-SDRW2100001318.1.1.84,제목이 중요하진 않아,제이이 지하지 아아,0.45454545454545453
SD2110736-SDRW2100001320.1.1.281,동의 수도 어느 일정 비율 이상으로는 받아 내고,도이 서도 어는 지 이  이 이 이 이  이 이 이 이 는 아 들고,0.9615384615384616
SD2113069-SDRW2100003140.1.1.249,저녁 늦은 시간 전쯤에,그는  은 지  지에,0.5833333333333334
SD2200010-SDRW2200000422.1.1.324,나도 평창이란 곳에 처음 가봤는데,나도 그 이라는 고을  가 는데,0.5
SD2200023-SDRW2200000017.1.1.62,거기 문 앞에 그냥 서 있는 거야 수업 끝날 때까지,거기 은 아에 그서 서 있는 거 지 어 어 그을 데지,0.42857142857142855
SD2200023-SDRW2200000018.1.1.23,사방 느낌도 나고,하 다  나고,0.5555555555555556
SD2200036-SDRW2200000573.1.1.271,또 사랑은 타이밍이라는 말 있잖아,도 서이은 다이이라는 거 있다아,0.3888888888888889
SD2200036-SDRW2200000574.1.1.143,그런 게 또 넷플릭스에 많더라고,그는 게 이 도 는 나  이에 에 서 있라고,0.8823529411764706
SD2200036-SDRW2200000574.1.1.157,찾아보는 게 낫지 않나라는 생각도 많이 했었던 거 같아,아 는 게 나지 아나 라는는 는 기도 그이 해 거 아,0.4666666666666667
SD2200049-SDRW2200000047.1.1.93,그러니까 크기가 쪼끄만,그니 그기가 그니 지그하,0.75
SD2200073-SDRW2200000590.1.1.9,저는 개인적으로 일단 거리감이,서는 이 게 이  제 거기가이,0.625
SD2200074-SDRW2200000072.1.1.161,그러면 그거 보는 것도 좋을 거 같고 아까 말했던 아바타는 너무 길어서 지루할 수 있으니까,그하면은 그거 하는 거도 들을 거 고 아 아도 그 해다 아 하다는 그 도 기어서 지어  거 있을니,0.5
SD2200083-SDRW2200000073.1.1.206,아 근데 한국 게스트 하우스는 아예 샤워 룸이 있는 경우도 있더라고,아 그데 하  게  하아하이은는 아이에 하어 이이 있는 거도 있라고,0.4594594594594595
SD2200083-SDRW2200000074.1.1.95,뮤직비디오 편집이 굉장히 나는,이지  이 니 어  면 지이 가 게 나는,1.0
SD2200093-SDRW2200000461.1.1.82,완전 멀었어 완전 안 보였어 거의,아 어어어 아 아 어 거,0.5555555555555556
SD2200099-SDRW2200000466.1.1.192,근데 올해 인제 오이지를 트 제가 담갔어요 담갔는데,그데 어해 이제 이이지을 제 제가 다 가어서 다거는데,0.42857142857142855
SD2200102-SDRW2200000467.1.1.106,그때는 한 3킬로 정도는 빠지는 거 같아,그 데는 그 하 이 기이 도는 아지는 거 아,0.5
SD2200102-SDRW2200000467.1.1.114,더 좋은 거 같아,다 은 거 아,0.3333333333333333
SD2200104-SDRW2200000599.1.1.161,응 군산은 서해안 쪽에 있는데,어  은 서은 서해아  에 있는데,0.4375
SD2200112-SDRW2200000480.1.1.73,그 모든 생활들을 갖다가 적응하기가,그 그 하들 해 들을 가다가 지 하기가,0.47368421052631576
SD2200112-SDRW2200000481.1.1.287,지금 검색해 보니까,지은 그 거을해 니,0.7
SD2200149-SDRW2200000621.1.1.60,타이트 하겠구나 이거로 약간 판단이 되더라고요 언니도 한번 참고해 보세요,다이하 하게거나 이거 가 아 아 그 이 들도라고 어에 도 하 나 하 해 에 고 해 도  해해,0.8
SD2200176-SDRW2200000508.1.1.182,뭘 보내주냐면 김치,을을 지나 지면 하면 기 지,1.2
SD2200182-SDRW2200000513.1.1.187,아무래도 피부 관리는 좀 신경 써야 될 거 같은데,아니데에도 기아  가기는 그 이 기  어  거 은데,0.5925925925925926
SD2200182-SDRW2200000514.1.1.153,드라마 주인공이 헷갈리는 것도 행가 헷갈리는 거지만,들라나 지이 이이 해 가 는 거도 해가 해 가 는 거지,0.6071428571428571
SD2200182-SDRW2200000514.1.1.282,연이 닿아서 걔가,이 다서 게가,0.4444444444444444
SD2200201-SDRW2200000641.1.1.184,혈당은 떨어지더라 그런데,해 다은 어지라 그데,0.46153846153846156
SD2200226-SDRW2200000657.1.1.50,아 그렇구나 저는 그냥 선입견으로만,아 그거고나 제는 그는 그 서 이  면 어도,0.7894736842105263
SD2200227-SDRW2200000657.1.1.249,그 모임에서,그 이 에서,0.3333333333333333
SD2200233-SDRW2200000244.1.1.170,나는 사실 가족끼리 여행을 그렇게 많이 안 가 봐서,나는 다지 그 가지들이 어을 그게 이 아 가 서,0.4642857142857143
SD2200253-SDRW2200000250.1.1.66,약간 요런 정보를 주니 난 또 고맙군,그이 아 이은 제거도들 지니는 나 도 고아고나,0.85
SD2200286-SDRW2200000316.1.1.111,건강하신 거 같아,거 하 거 아,0.4444444444444444
SD2200297-SDRW2200000690.1.1.31,크게 막 이렇게 한 건 아니지만,그게 아 이게 하 거 아니지,0.35294117647058826
SD2200302-SDRW2200000694.1.1.41,왜냐하면 옷을 애초에 많이 사 보지도 않았고,그 하면 어을 해제에 아이 하 지도 아고,0.4166666666666667
SD2200302-SDRW2200002522.1.1.291,마냥 나쁘다고 막,그니 나다고,0.5555555555555556
SD2200307-SDRW2200000695.1.1.244,그런 차이점이,그는 이이,0.42857142857142855
SD2200328-SDRW2200000544.1.1.221,달리는 게 후반 한타에 대해서 문제가 되는 거 같고,다기는 게 그가 하 다에 해서 이제가 는 거 고,0.39285714285714285
SD2200337-SDRW2200000351.1.1.4,만화책을,나라  을,1.0
SD2200349-SDRW2200000743.1.1.101,좀 더 좋아하는 거 같아,그 도 아하는 거 아,0.3076923076923077
SD2200349-SDRW2200000744.1.1.299,확실히 이 잡는 힘이,하 하 이 는 이,0.45454545454545453
SD2200350-SDRW2200000743.1.1.199,개발 쪽 직무에는 어떤,게   지면에는 어,0.5
SD2200363-SDRW2200000797.1.1.88,맞나 봐 내가 래퍼를 몰라,나  나가 아에에 거을 라,0.6428571428571429
SD2200380-SDRW2200000371.1.1.74,자막도 없어서 뭔 내용인지 알아듣기가 좀 힘들어서,지도 있어서 은 나이 이지 아아 들기가 도 들어서,0.48148148148148145
SD2200381-SDRW2200000375.1.1.116,너는 이런 거에 대해서 어떻게 생각해,나는 이는 거에 해해서 어하게 해,0.3
SD2200391-SDRW2200000866.1.1.137,그럼 박물관과 전시에 대해선 난 차이가,그그면 면 가 을 가가 제지에 데해서는 나 이가,0.8095238095238095
SD2200416-SDRW2200001368.1.1.233,그런 선이 좀 많이 필요한 거 같더라고요,그은 서이   이이 다 거 있라고,0.45454545454545453
SD2200416-SDRW2200001368.1.1.8,근데 그거는 이제 정말 가족 문제 가족,그데 그거는 이제 제 가지 은제 가,0.2857142857142857
SD2200417-SDRW2200002658.1.1.248,그런 편의성을 겪을 수 있는 사람이 점점 많아질 거라고 생각하고 있습니다,그은 면이을 기을 거 있는 나 이 은 제 나아지 거라고 해하고 있니다,0.4
SD2200424-SDRW2200002687.1.1.43,진짜 먹은 기억밖에 없어 그리고,지도 거은 기 어 에 어 그이고,0.47058823529411764
SD2200426-SDRW2200001458.1.1.184,그래서 다이어트가 더 힘든 거기 때문에,그에서 다이어어가 다   해들 거이기 기 에,0.47619047619047616
SD2200426-SDRW2200001458.1.1.7,우리가 운동량이 많이 부족한 편이란 생각을 하거든,그이가 은  이이 이이 이 이 이 이 이라는고 고을 하거,0.7407407407407407
SD2200438-SDRW2200001579.1.1.18,한번 찾아도 가 봐야 되는데 그것도 좀,하 면 하아도 가 가 하는데 그거도,0.47619047619047616
SD2200438-SDRW2200001581.1.1.165,탄천 그런데 가면은 진짜 그게 부럽더라고 어머 저 사람들은,은 그는 데 가면은 제 그게 게 어 그라고 어 면  그 서 들은,0.53125
SD2200449-SDRW2200001687.1.1.24,그다음에는 구워 먹는 거 찜도 나오고,고 다이에는 그어 하는 거 지도 나고,0.4
SD2200449-SDRW2200001689.1.1.214,회사에 마이너스야,해서에 아이니어,0.6666666666666666
SD2200453-SDRW2200001773.1.1.210,그 가 보면 돼 좋을 거 같아,그 가 면 제게 을 거 아,0.3125
SD2200467-SDRW2200001854.1.1.295,그러니까 그쪽 되게 의심도 많고,그하니고 그그 도 게게 어도 있고,0.5294117647058824
SD2200467-SDRW2200001854.1.1.75,거기서 김혜윤이 너무 귀엽게 나와 가지고 김혜윤도 좋았고,거기에서 기해 은이 나 기 게 나가 가지고 기해 은도 들고,0.5161290322580645
SD2200486-SDRW2200001978.1.1.93,되게 나태해질 거 같고,제게 나해해지 거 고,0.3333333333333333
SD2200514-SDRW2200002223.1.1.75,청솔 마을 그 놀이터 부수고서 다시 만들었을 때 딱 그때였던 거 같은데,그 서 아 을 그 그 도이 다 그서고 서 다이  들을 데 다 그  거 은데,0.5641025641025641
SD2200514-SDRW2200002224.1.1.122,그냥 나는 빨리 벌고 빨리 끝내잔 마인드,그면 나는 이   고  그 아  그나지는면 아이,0.7727272727272727
SD2200514-SDRW2200002226.1.1.2,전보다 지금 살이 그대로야,제도 다 지은 다이 그데도,0.5714285714285714
SD2200678-SDRW2200000009.1.1.259,그러니까 아기 어릴 때는,그니 아기 어을 데는,0.3076923076923077
SD2200678-SDRW2200000009.1.1.50,그래 가고 싶었거든,그해 가고 있어거,0.4
SD2200679-SDRW2200000012.1.1.295,들이고 뭘 해도,들이고  해도,0.125
SD2200689-SDRW2200000034.1.1.79,돼지 꼬리도 그만한 맛이 있었던 거 같아 너 돼지 꼬리 먹어 봤어,데지 고이도 그 그 나 은  이 있어는 거 아 나는 데지고이 어어 어,0.5833333333333334
SD2200689-SDRW2200002543.1.1.386,해 보는 것도,해 고는 거도,0.2857142857142857
SD2200694-SDRW2200000037.1.1.250,훨씬 잠에 깊이 들죠 나 효과를 봤어요,거  이 기이 들 지 나는 는 이가는 어,0.7142857142857143
SD2200697-SDRW2200000042.1.1.263,싸긴 해도,서기 해도,0.4
SD2200697-SDRW2200000043.1.1.54,그런 문제점들을 이렇게 꺼내,그면 면제들들을 이게 거,0.4
SD2200709-SDRW2200000450.1.1.276,어 속에 있는 말도 하고 이렇게 하면은 좋을 거 같아,어 에 있는 도 하있고 이게 하면은 을 거 아,0.20689655172413793
SD2200719-SDRW2200000495.1.1.299,아 네 있어요,나  있어,0.42857142857142855
SD2200745-SDRW2200000093.1.1.216,음 그치 동남아 동남아 가면,어 그지 도나아 도 나아가면,0.5333333333333333
SD2200745-SDRW2200000094.1.1.223,음 쇼핑은 정말 즐거운 게 맞아,그어면 이 서 은 그 지거은 게 아,0.7058823529411765
SD2200752-SDRW2200000607.1.1.46,괜히 엄청 얄미울 나이지 않냐,어 이     아,0.75
SD2200759-SDRW2200000627.1.1.198,이렇게 물,제,1.0
SD2200759-SDRW2200000627.1.1.242,2번인가밖에 안 가 본 거 같아 거기가 가까운 데 있으면,가이가 에 아 나고  거 아 그니 다 가가은 데 있어면,0.5161290322580645
SD2200784-SDRW2200000515.1.1.151,이 렌트를 하고 갔는데,이라들 하고 가는데,0.4166666666666667
SD2200784-SDRW2200000518.1.1.106,그래서 난 요새 그 뭐 뭐 뭐라니 다시 1알,그해서 나 이 그      하니 그거 다 하나,0.5833333333333334
SD2200788-SDRW2200000163.1.1.167,정말 그렇죠,아 제  그거지,1.0
SD2200788-SDRW2200000164.1.1.382,반대하는 것에,하는 거에,0.42857142857142855
SD2200790-SDRW2200000165.1.1.130,어 해리 포터나 그런 영화들이,어 해 니  어나 그은 어들이,0.4375
SD2200802-SDRW2200000185.1.1.192,하트시그널 1 2 3 챙겨 보면서 좀 설렜었거든,하은 이그을 이 이   서면 지기 면서   서  거,0.6538461538461539
SD2200805-SDRW2200000205.1.1.271,보드도 좀 타러 다닐까 생각 중이기도 하고,고도도   다어  나해  을가 이 그  이기도 하고,0.6956521739130435
SD2200805-SDRW2200000206.1.1.200,바로 냄새도 많이 나고 해서 바로 그냥 냉동실에 처분하는 편이야,그 는  다    그 는 그이 나고 그해서 어 그니 그 는도 을에을 서 서은하는 이,0.8571428571428571
SD2200833-SDRW2200001245.1.1.156,둘만 가는 거 아니야 이러다가,들면 가는 거 아니 이거다가,0.25
SD2200866-SDRW2200001456.1.1.311,그럼 우리 5만 원 밑으로 해야 돼 막 그러면서,그면면 그가 가 어면 은  이을라 해 해 아 그면서,0.6538461538461539
SD2200866-SDRW2200001456.1.1.314,그러다가 아니 그거까지는 인제 아니래 막 혼란이 좀 지나간 다음에,그 다가 아니 그거가지는 이제 아니라 그 고라이 지나가 다에,0.3055555555555556
SD2200866-SDRW2200001456.1.1.385,그게 파트너스,그게이  다은어을,0.8571428571428571
SD2200874-SDRW2200001508.1.1.178,나한텐 우정이잖아 name5 형도 그렇고,나 는 는 는 게 이  이지아 그 그 이 이도 그고,0.8636363636363636
SD2200887-SDRW2200002719.1.1.238,잘 하기는 했는데,하기는 해는데,0.3333333333333333
SD2200897-SDRW2200001702.1.1.359,엄마가 수능 도시락 뭐 싸 주냐 그랬는데,아니가 서는  도 도 서하을라 그 는데,0.5909090909090909
SD2200897-SDRW2200001702.1.1.72,난 그 너무 싫었어,나 그가게 나는 들어어,0.7
SD2200908-SDRW2200000805.1.1.160,리프트 타고 갔 올라가서,니 하고 가 라가서,0.46153846153846156
SD2200908-SDRW2200000806.1.1.150,치킨 브랜드에서 구운 거를,지  그 그 에서 고은 거을,0.6428571428571429
SD2200910-SDRW2200000807.1.1.245,그래서 얼마를 더 벌어야,그해서 어 어  다 들어,0.6153846153846154
SD2200910-SDRW2200000808.1.1.303,그 습기를 먹으면은,그 서기을 해 거면은,0.5
SD2200911-SDRW2200000809.1.1.194,어떻게 공부했대,어어게 그 고고해데,0.875
SD2200911-SDRW2200000809.1.1.77,친구가,그 가,0.6666666666666666
SD2200912-SDRW2200000810.1.1.226,맞아 그 한 무대를 위해서 정말 많은 스태프가 움직이고,아아 그 그 하  그데을 이해서 그 제  아은 이 이고,0.6333333333333333
SD2200912-SDRW2200000810.1.1.4,난 연극을 많이 봤다기보다,그나 는 면어을 이 다기다,0.6428571428571429
SD2200929-SDRW2200000921.1.1.236,근데 오피스텔에 내가 아는 애가 살고 있는 애가 있어서 얼마 전에 한번 가 보긴 했어,그데 어 에 지해에 데가 아는 에가 그고 있는 에가 있어서 에나 다에 하 가 고기 해어,0.40425531914893614
SD2200931-SDRW2200000949.1.1.122,아 그러면 그,어 그면 그,0.2857142857142857
SD2200931-SDRW2200000949.1.1.80,어 방이 몇 갠 거야,어 그 다에  기 거,0.6363636363636364
SD2200931-SDRW2200000950.1.1.326,나는 전기차 좋은 거 같아,나 제기 제가 은 거 아,0.5
SD2200933-SDRW2200000951.1.1.268,오늘은,은,0.6666666666666666
SD2200939-SDRW2200000958.1.1.179,다른 것을 해서 그 도움을 주는 방향으로 할게,다은 거을 해서 이 게  도을을  는 거 가면을 하게,0.56
SD2200939-SDRW2200000958.1.1.192,이렇게 찾아보기도 하고,이게  아 기도 하고,0.25
SD2200954-SDRW2200001039.1.1.4,그래 가지고 인테리어는 딱히 안한 거 같아,그해 가지고 그 이데어는 다이 아 는 거 아,0.4782608695652174
SD2200962-SDRW2200001074.1.1.264,그 사람 프로필 눌러 가지고 그 사람 동영상 싹 다 봐 마음에 들면은,그 그 하은  이 들라 가지고 그 하나 도에에서   다 가 다에 들면은,0.5
SD2200963-SDRW2200001095.1.1.16,나는 친구들이 한 2년 전에 좀 많이 갔고,나 는 아지들이 그 이  이에 도 이 가고,0.43478260869565216
SD2200967-SDRW2200001084.1.1.6,맞아 나도 난 올라올 때마다 바로바로 보는 편인데,아아 나 도 나는  라 을 거 데 다  다 다 가라 가는 면이데,0.7777777777777778
SD2201013-SDRW2200001311.1.1.33,골 넣은 거 이렇게 모아 가지고 해주는 거 있긴 하더라고요 그런 거 보면은,고 나은 거 이게 아 가지고 해 는 거 있기 하다라고 그 거 면은,0.24390243902439024
SD2201013-SDRW2200001312.1.1.224,어 털이 많이 붙으니까 검은색 옷이 많이 없다 하더라고요,어 들이 아이 들이니가 거은에 고이이 이 다 하라고,0.41935483870967744
SD2201029-SDRW2200001525.1.1.317,괜찮은 거야,은 거,0.5
SD2201034-SDRW2200001631.1.1.237,너는 심정수를 예를 들었지만 그래도 그때는,어 나는 이 지 서을 이 들어지 그도 그에는,0.6521739130434783
SD2201034-SDRW2200001631.1.1.246,중간 계투 65억 원 주고 사 왔는데,지 고기에 도 이 하은 이 가 하는데,0.7
SD2201034-SDRW2200001633.1.1.15,바쁜 사람 친척들이라 해도 아무리 친척들이래도 그런데 넌 어찌 생각하는데,그어 나은 아 아 지 들이라고 해도 아 아그 지 지 들이라도 그는데 나는 어다게 기하는데,0.65
SD2201039-SDRW2200001643.1.1.273,병원에 들어가셨다는데 뭐 어느 병원인지는 물어봐야 되고,어 어  그 에 들어가다는데 어 아니데 그은이지제는은는 어어 가아 하고,0.7666666666666667
SD2201046-SDRW2200001948.1.1.25,유튜브에 모음집,이도 에 은 지,0.75
SD2201049-SDRW2200002013.1.1.7,뭐 대기업이 좋나 중소기업이 좋나 이런 여러 가지 생각을 했는데,어 데기아이 있나 그 이서 기기이 있나 이은 어 가지 이 기을 해는데,0.5142857142857142
SD2201074-SDRW2200000791.1.1.233,친구들은 번지 점프,기들은 지,0.6
SD2201098-SDRW2200001000.1.1.127,봉사가 다양한 봉사를,그서가 다아하 고서을,0.6363636363636364
SD2201127-SDRW2200001116.1.1.37,너는 제일 좋아하는 밴드가 뭐니,거는 그 제을 들아하는 그 그가 어니,0.5294117647058824
SD2201127-SDRW2200001116.1.1.96,그 곡을 우리 밴드실에서 많이 연주했던 거 같아서,그  고을  그이  그  에서 나이 이 은 지해 거 아서,0.6296296296296297
SD2201151-SDRW2200002421.1.1.299,아직도 거의 반반 같은데,아아도 거거기    거 은데,0.5384615384615384
SD2201155-SDRW2200002457.1.1.40,버스 기사님들도,어 기 기들도,0.5
SD2201160-SDRW2200001186.1.1.241,좀 우리가 그 8년 동안 쌓아 온 그,그 어  어 가 그 그 하   그 그,0.65
SD2201168-SDRW2200001491.1.1.86,가만히 있어 돈도 안 내고 그래 가지고,가면이 있어 도도 아 나고 그 가지고,0.2857142857142857
SD2201213-SDRW2200000710.1.1.133,근데 그 마스크는 교체를 할 수 없고 계속 그,그데 그 그 아서그는 그제을 해 거 있고  그,0.56
SD2201216-SDRW2200000711.1.1.79,길거리 고양이들도 밥도 먹고 그런 줄 알았는데,기 거기 고아이도도 다도 있고 그는는 지 아는데,0.48
SD2201216-SDRW2200000712.1.1.219,이미 많은 사람들이 화장을 하고 있으면,이이 이 아은 이 들이 가을 하고 있면,0.42857142857142855
SD2201219-SDRW2200000729.1.1.315,개코가 뭔지 알아,게이거가 어지 아아,0.5555555555555556
SD2201230-SDRW2200000830.1.1.19,어 너무너무 많이 걸어 다녔겠는데,어 나  도  이 거어 다니는데,0.4444444444444444
SD2201245-SDRW2200000945.1.1.376,비싸지만은 되게 편하잖아,하지면은 그게 하지아,0.46153846153846156
SD2201245-SDRW2200000946.1.1.199,그걸 좀 느껴보고 싶어,그거을 제 지  어 고 어,0.75
SD2201245-SDRW2200000946.1.1.7,개인적으로 나는,그 게  이 나는,0.75
SD2201285-SDRW2200002634.1.1.30,삼성은 시험도 본다며,서은 기 도 다면,0.5454545454545454
SD2201317-SDRW2200000384.1.1.225,이렇게 호감 가는 사람과,이이게 고은 가는 데 서라,0.5384615384615384
SD2201327-SDRW2200002105.1.1.204,내 공부가 다 됐는 지를,나 가 다 는지을,0.46153846153846156
SD2201327-SDRW2200002108.1.1.116,안 내려 그러면 말도 안 하고 그냥 가버리면,아 나 그면  도 아 하고 그면 가 거면,0.375
SD2201332-SDRW2200002734.1.1.351,막 열심히는 안 봤다랄까,아 아 다 가라,0.7692307692307693
SD2201332-SDRW2200002735.1.1.218,근데 나한테 지갑을 달라는 거야,그니나 나 지가을 하라는 거,0.47058823529411764
SD2201332-SDRW2200002735.1.1.55,오빠 어른들이 그런 말 하던데,그니 어들이 그 거 하는데,0.375
SD2201359-SDRW2200000638.1.1.218,나도 사실은 좀 캐주얼한 스타일을 되게 좋아해 흰 티에 그냥 청바지 입고,나도 하이은 그 해지 하라는는는는 는 기라이을 제게  아해    에 그 그  그 가지에 있고,0.725
SD2201367-SDRW2200000204.1.1.9,가수들 뽑는 그런 프로그램이었는데,가서들을이 있는 그 그은 도그그이어는데,0.6111111111111112
SD2201375-SDRW2200000263.1.1.162,추구를 해야 될 거 같아 내 생각에는 이제 내가 그래서 내가 생각한 게,가을 해어 들 거 가아 나 가에는 그 이제 나가 그제서 제가 제가하 게,0.4358974358974359
SD2201375-SDRW2200000263.1.1.198,코로나가 좀 코 침 이런 분비물 때문에,고어나가 지  고  이 이은 은  이을기 기 나에,0.8095238095238095
SD2201384-SDRW2200000259.1.1.189,한 3번씩 읽고 한 1번 1가지 책을 3번씩 읽고,하 서 면 이있고 하 하 면 하 가지 제가 에 서 면 있고,0.7407407407407407
SD2201390-SDRW2200000673.1.1.180,좀 좀 다른 느낌인지가 궁금해요,그 그  다은 이 이 지 가 아 고 해,0.8235294117647058
SD2201390-SDRW2200000673.1.1.241,그런 이제 청첩 청첩장을 봤을 때,그면 이제 이 어         지을 을,0.7222222222222222
SD2201400-SDRW2200000290.1.1.76,그래서 쪼끔 얻어먹었는데,그라서 지그 어어 어는데,0.46153846153846156
SD2201411-SDRW2200000308.1.1.128,그 골프는,그 고 는,0.4
SD2201411-SDRW2200000308.1.1.278,같이 해 줘야지,가이 해 지,0.375
SD2201418-SDRW2200000330.1.1.170,남자가 혼수를 해 가는,나기가 은서을 해 가는,0.4166666666666667
SD2201425-SDRW2200000342.1.1.251,근데 요즘은 영화관도 잘 나오던데,그데 이지은 이 어어 도   나하는데,0.6111111111111112
SD2201425-SDRW2200000344.1.1.7,취향이긴 한데,지이기 데,0.5714285714285714
SD2201439-SDRW2200000780.1.1.233,그리고 야외 같은 데 전경을 보면서,그니고 이 이해  가은 데 제 을 면서,0.5263157894736842
SD2201442-SDRW2200000796.1.1.15,내가 다니는 동선도 정해져 있고,제가 다니면는 도서도 서해 있고,0.35294117647058826
SD2201447-SDRW2200000368.1.1.148,이 집이 유일하게 맛집이라고,이이 지 이 이이 하게 그 아 지이라고,0.7333333333333333
SD2201515-SDRW2200000967.1.1.252,아 그래도,아 그도,0.2
SD2201531-SDRW2200002566.1.1.313,나는 진짜 나영석 피디가 천재라고 생각이 많이 드는 게,나는 이제 제 나이  서이가 제라고 해  있는 게,0.5333333333333333
SD2201535-SDRW2200001010.1.1.399,어 드래곤 뭐 도마뱀이었던 거 같은데,어  지라이 고   도라 아 에 이어 그  거 은데,0.9
SD2201547-SDRW2200001021.1.1.3,어 집에 들어오자마자 청소를 했던 거 같아요,어  지에 들어 어 가지 면다 이   해는 거 아,0.7083333333333334
SD2201550-SDRW2200001055.1.1.167,좀 늦은 편이라곤 했어,그 있은 면이라고 해어,0.4166666666666667
SD2201550-SDRW2200001056.1.1.334,15구 그거 공원 있는 데 파리 15구 공원,어 그 그거 고은 있는데 다 이 어 그 은,0.5833333333333334
SD2201556-SDRW2200001075.1.1.205,음 별로 좋은 톤이 아닌데,어 어 는 이 아니데,0.5
SD2201560-SDRW2200001079.1.1.268,예 예 밖에서 인제 느낌이 전에 직접 키우지는 않았지만,에   에어서 이제 이 제 에 이 지제 기 지는 아지,0.6
SD2201560-SDRW2200001079.1.1.86,지금 생각을 좀 하고 있어요,지은은 은 지 하고 있어,0.4666666666666667
SD2201560-SDRW2200001080.1.1.332,그 좋은 부분들도 많더라고요 근데 인제 지금,그 거  은 그 기들들도 다라고 그데 이제 지,0.5416666666666666
SD2201578-SDRW2200002364.1.1.78,어 난 국물 좋아하는데,어 나 는 그을 아하는데,0.5
SD2201587-SDRW2200001143.1.1.477,걔는 한 10개 20개 그냥 먹어,그게 는 이  게 이면 에가 그는 어,0.7777777777777778
SD2201587-SDRW2200001143.1.1.48,어,아,1.0
SD2201588-SDRW2200002075.1.1.223,아 그 저기,아 그거 기,0.3333333333333333
SD2201589-SDRW2200002075.1.1.173,매 마찬가집니다,에  아가지니다,0.5
SD2201589-SDRW2200002076.1.1.125,어 물가 부분도 그렇지만은,어 을가 그면도 그지면은,0.35714285714285715
SD2201599-SDRW2200001165.1.1.246,거기는 무조건 앉아서 갈,거기는 그지거 아서 가,0.38461538461538464
SD2201618-SDRW2200002477.1.1.347,어 어,어이거 어,0.6666666666666666
SD2201618-SDRW2200002478.1.1.52,바다도 지금 물건에 울타리 치니까 물건 못 들어가서 못 먹잖아,하다도 지은은 은 들거에 이다이에 이니가 그 은 거 들어가서 그 면 거지아,0.6470588235294118
SD2201622-SDRW2200001189.1.1.126,목소리가 딱 깔리면서 너무 잘 부르는 거야 톤이 되게 단단하고,도 서이가 다 가니면서 나 도   고는는 거 아 다이 이게 다하고,0.5588235294117647
SD2201631-SDRW2200001047.1.1.21,알겠다고는 했는데 모르겠다,아게다고는는 해는데 아 다 다,0.5714285714285714
SD2201631-SDRW2200001047.1.1.3,그 두 개밖에 없으니까,그 도 에기 에 있어니,0.5833333333333334
SD2201631-SDRW2200001048.1.1.232,좋은 거지 그래서 고민이 많고 생각도 많고 할 일이 많아서 힘든 거긴 해도,그은 거지 그서 고이이 있 고 는 그도 고 하 이기 아서 있들 거기 해도,0.3902439024390244
SD2201631-SDRW2200001048.1.1.245,일단 뭐 일수를 받아서 계약 그걸 하고 나면,이들 어 이 도을 아서 기 그거 하고 나면,0.4583333333333333
SD2201632-SDRW2200001048.1.1.119,하여간 돈이,그니 가 이,0.8333333333333334
SD2201641-SDRW2200001089.1.1.56,음 어떤 가게를 내는 것도 좀 고민을 해 봐야 될 거 같아,어 어도 가기을 하는 거도 어 고을 해 가도  거 아,0.375
SD2201666-SDRW2200002442.1.1.117,그럼 너는 초등 초중고 중에,그면면 나는   는  고 고 에,0.6666666666666666
SD2201673-SDRW2200002471.1.1.17,그러면 리그전을 하잖아,그라면 니그을 하아,0.3333333333333333
SD2201677-SDRW2200001183.1.1.296,인제 좀 흥미를 잃을 거 같아,이제 지 어 어 이을 거 아,0.4375
SD2201686-SDRW2200001196.1.1.78,최저가에서 택배비가 안 붙었는데 최저가 아닌데 택배비가 붙으면 또 돈이,제제가에서 해이가 아 고은 데 제 제가가 아니는데 해이이가 아은면은 도 이,0.5897435897435898
SD2201693-SDRW2200001235.1.1.297,귀여운데 요즘 보니까 저는 잘 그걸 안 보거든요 엄마 집에 갈 때마다 봐요 엄마 집 가면 맨날,기이어 은데   그니 는 제기 그거 아 고 있은 이기이기 아 아아 지에 가 데 다다 가서 아니 지 가면 면,0.75
SD2201701-SDRW2200001098.1.1.156,뭐 제가 필요한 영양제나 이런 것은,어 제가 이 이 어제나 이  거은,0.42105263157894735
SD2201705-SDRW2200002365.1.1.128,걔는 이름이 뭐였어,게는 이거이  있어,0.4
SD2201709-SDRW2200001171.1.1.238,내년 여름 정도를 좀 기대를 해 봐야 되려나 봐요,면  이 이 이도는 그 기다 해 가 하나 나 나  나 가,0.7407407407407407
SD2201716-SDRW2200002525.1.1.137,우린 축구 반 대항전을 많이 했었지 그다음에,그는 는 지하 은 데  을 아이 있지 다에,0.625
SD2201775-SDRW2200002570.1.1.256,그러면은 꿀은 무거우니까 잘 안착해서 가라앉는단 말이야,그하면은 고은 고거 이서 아 지해서 가라 는 다 이,0.4666666666666667
SD2201775-SDRW2200002571.1.1.14,신세계 백화점 그 상품권이,이 어해 들 다 지  그     이,1.0
SD2201797-SDRW2200002599.1.1.29,교통도 좀 불편하고,고 다 도 다 지 면하고,0.8
SD2201812-SDRW2200001278.1.1.360,아침,아,0.5
SD2201815-SDRW2200002614.1.1.393,아 그런 것도 학교에서 했었던 거 같아요 수행 평가 이런 걸로,아 그거 고  도 거 하기에서 있어는 거 아아 어 서 면가 이 거,0.5882352941176471
SD2201816-SDRW2200002614.1.1.155,특히나 이제 발목 같은 거 나 이렇게 잘못하다 나가면은,그이 나 이제 제 아을 거 나 이니게  나 제 하다 나가면은,0.43333333333333335
SD2201816-SDRW2200002615.1.1.283,엄청 이뻤어요,이 이어어,0.5714285714285714
SD2201816-SDRW2200002615.1.1.390,바로는 아닌데,다는 아니데,0.42857142857142855
SD2201816-SDRW2200002615.1.1.85,직접 구매해서 키웠던 애완동물이고,그  지 도 그 해 해서  이 기어다  나 아 도 이고,1.2777777777777777
SD2201835-SDRW2200001355.1.1.295,뭐 여러 가지 좋은 점이 많으니까 사람들도 유입이 돼서 뭐 인제,어 이 가지이 고은 지이 거 있아니고 나들도 이이이 해서  이제,0.5142857142857142
SD2201836-SDRW2200001355.1.1.209,못 믿으니까 자기가 또 해야 되니까 그냥 안 시켜,어 이도니거 하기 도 아게 들니고 그데 아 지해,0.5555555555555556
SD2201836-SDRW2200001355.1.1.378,아이 그렇죠 예 예,아 그지 에 에,0.5
SD2201836-SDRW2200001356.1.1.95,그러니까 2등인데 3등한테 지고 그러다 보니까,그니데 이은이데 하다 가지고 그다 그니,0.52
SD2201838-SDRW2200002655.1.1.154,장거리 같은 경우에는 방법이 없어,지거이 가은 거에는 는나는 다 이 어,0.6666666666666666
SD2201838-SDRW2200002655.1.1.292,노년층보다는,도 면  이다는,1.0
SD2201840-SDRW2200001386.1.1.337,그치 프랑스 그다음에 뭐,그지 그 그다에,0.5384615384615384
SD2201845-SDRW2200002674.1.1.176,사실 원래는 근데 의료,하  하이이은면 을해는 그데 이 이,1.1666666666666667
SD2201845-SDRW2200002675.1.1.163,일단 내 입장에서 봤을 때는 교통이 편해야지,이 는 데 이 에서 있을 데는  그 고도이 해지,0.625
SD2201845-SDRW2200002675.1.1.205,재밌어 보이는 거 좋다고 생각을 했어,제있어 고 이는 거 니다 다고 고 해 어,0.55
SD2201849-SDRW2200002678.1.1.218,요즘은 그 투어 버스 같은 거,이 은 그 그 어 아 다은 거,0.4375
SD2201849-SDRW2200002678.1.1.362,난 1종 대형 면허가 있으니까,아니 도 그 면가,0.75
SD2201849-SDRW2200002679.1.1.192,왜냐하면 그때 좀 같이,아하면 그데  이,0.4166666666666667
SD2201851-SDRW2200002515.1.1.360,그런 거 카페 가면,그은 거 가 가면,0.3
SD2201922-SDRW2200001433.1.1.253,요즘 퀵보드 타는 사람이 많아져 가지고 법도 엄청 강화된 거 알아,이지에은 이 기 도도에도 하는 하이이 나아지 가지고 그 도도 아이 가하데 거 아아,0.7222222222222222
SD2201922-SDRW2200001433.1.1.61,학교가 이제 좀 평지다 보니깐,그는 이제   면지다 하니,0.4375
SD2201933-SDRW2200001562.1.1.143,쪼끔 사람이랑 떨어지면 좋지 않을까,지그 이 이라 어어지면 지 아을가,0.47368421052631576
SD2201935-SDRW2200001651.1.1.1,내가 대중교통을 타다가,제가 그 도지 기 을 하다가,0.75
SD2201951-SDRW2200002680.1.1.2,혹시 어디로 이사하실 예정이에요,그지 어 기도 이서 하지 이에가,0.6470588235294118
SD2201951-SDRW2200002681.1.1.276,그런 그 감상에 젖어서 그 한강을 제일 좋아해요,그거 어 어  가 에 서어서 그 그 하 가을 제게 아해,0.6153846153846154
SD2201951-SDRW2200002681.1.1.335,대중교통은 아니겠 아니겠죠,제도 고 은 아니니게 아니게지,0.6428571428571429
SD2201952-SDRW2200002680.1.1.248,청소기가 비싸요 생각보다,면고기가 이 있어게서 제기 다,0.8461538461538461
SD2201952-SDRW2200002681.1.1.251,들어갔다가 뭐 나왔다가 해 가지고,들어가다가 나가다가 해 가지고,0.2222222222222222
SD2201954-SDRW2200001438.1.1.533,어 그런 거 같은데,어 그 거 은데,0.2
SD2201973-SDRW2200001533.1.1.110,에 러닝에 소홀히 했던 거 같아요,에이 이 에 서을이 있는 거 아,0.5555555555555556
SD2201973-SDRW2200001533.1.1.258,어 북악산 인왕산 이렇게,어  고 가 이 나 이게,0.6153846153846154
SD2201976-SDRW2200001537.1.1.111,XXXXX 잘 봐,지에서  거,0.7777777777777778
SD2201976-SDRW2200001538.1.1.65,누끼 따기라고 이제 이미지 살짝 딸 수가 있어 그,도 기 다이라고 이제 이이지 가 하이 다 서가 있어 그,0.4444444444444444
SD2201976-SDRW2200001540.1.1.202,왜 고1 때 왜 재밌었 재밌었어,그 고기 들 에 어서서 제있어,0.5882352941176471
SD2201976-SDRW2200001540.1.1.273,이 세상에 그냥 네가 그랬잖아,이 이에는 그 나가고 하아,0.5625
SD2201976-SDRW2200001540.1.1.299,애들이랑 진짜 재밌는 일이 많았는데 고등학교 다닐 때,아들 이라나 데 지제기 제있는 이 나하는데 고나니게 고 해,0.6896551724137931
SD2201977-SDRW2200001542.1.1.177,그래서 1달 간 고생했어요,그라서 하 들은 고서있어,0.5714285714285714
SD2201977-SDRW2200001543.1.1.121,직장인의 고충 어 음,지이에 고 어,0.6363636363636364
SD2201979-SDRW2200001548.1.1.302,어 야 걔 부르는 거 어때 아 나 걔 좀 싫은데 아이 뭐 어쩌겠어 불러야지,어 아 게이 게 그는 거 들 아 나 게이    은데 아이  어데에서  어 지,0.4634146341463415
SD2201979-SDRW2200001548.1.1.59,그때 후회돼,그데 해 데,0.6666666666666666
SD2201980-SDRW2200001545.1.1.322,근데 뭐 맨날 씻기긴 하는데,그데는 어 가 면을 기기 하는데,0.6
SD2201980-SDRW2200001546.1.1.27,그래 가지고 그걸 보는데,그가지고 그거 는데,0.3076923076923077
SD2201980-SDRW2200001547.1.1.290,아저씨 어디 가요 이러면,아지 어제 가 이면,0.38461538461538464
SD2201980-SDRW2200001548.1.1.18,다 이 자기 직업이니까 근데,다 이 기 지어이니가 데,0.3333333333333333
SD2201983-SDRW2200001573.1.1.398,얼마 안 남았어 11월 말이야,그어 나 나 어어  지 이,0.6875
SD2201983-SDRW2200001574.1.1.324,여기 카드 등록해 놓고 그냥 2만 원하고 확인 누르기만 하면,이기에가 하도 들 해 나고 그데 이하   하고 하기 이기 하면,0.5454545454545454
SD2201986-SDRW2200001575.1.1.64,4층까지 있어 근데 엘리베이터가 없어,다 은 가지 있어 그데 이 에이 에이이가 어,0.7
SD2201986-SDRW2200001576.1.1.122,아이브 어떤 노래 좋아해,아이고 어다 거이 아해,0.38461538461538464
SD2201986-SDRW2200001576.1.1.17,권진아 노래에 좋은 게 엄청 많은데,거지 아아 도에에에  은 게 이 어  은데,0.631578947368421
SD2201986-SDRW2200001577.1.1.258,생각보다 어려웠어,그 어기 도다 어어,0.8888888888888888
SD2202002-SDRW2200001707.1.1.293,일단 좋은지 안 좋은지 모르면서 당연히 기대감으로 좋든 나쁘든 듣잖아,이 이은지 아 지은 지 는 이라면서 그 다 기다가을을  은 나이 은 들지아,0.631578947368421
SD2202002-SDRW2200001709.1.1.211,그리고 너는 그나마 네 거 네가 좀 결정하는 편이잖아,그니고 니는 그나아 니  거 니가 지 게 기 하는 면이지아,0.4482758620689655
SD2202007-SDRW2200001741.1.1.294,여러 군데 가게를 다니면서 어쨌든,어  데에 가게을 다니면서 어이,0.3888888888888889
SD2202032-SDRW2200001966.1.1.15,나 정말 재밌게 놀았었던 거 같더라고,나 도 제게 들아는 거 하라고,0.5
SD2202037-SDRW2200001983.1.1.338,아니면은 유료면은,아니면은 이도면은,0.2222222222222222
SD2202037-SDRW2200001985.1.1.98,뭐 사장님이 어른이건 아니건 자기 할 말들 진짜 딱딱딱 다 하고,어 어 서제이이 어은이거 아니거 아기 하 아 들 이제 다  다 하고,0.5142857142857142
SD2202038-SDRW2200001984.1.1.11,유튜브 채널 같은 거 이제 경제에,이 도 에 제을 은 거 이제 제,0.5555555555555556
SD2202038-SDRW2200001986.1.1.104,어 어느 쪽 케이스가 더 많으신 거 같아요 그러니까,어 어는 도 게이지가 그 다 거 있을 거 아 그니니,0.5357142857142857
SD2202039-SDRW2200001987.1.1.208,다시 그걸 쓰 써야 되는데,다이 그 서 어서 어어 하는데,0.5714285714285714
SD2202039-SDRW2200001988.1.1.198,그래서 다시,그서 다,0.3333333333333333
SD2202039-SDRW2200001990.1.1.282,야외 즐길 수 있느냐 이걸 저 반영되는 거예요,아  지게 서 있니 이거 이제 아이  들는 거에,0.68
SD2202049-SDRW2200002038.1.1.255,나 고등학교도 잘못 왔어 우리 학교 영어 중점인 줄 알았으면 내가 안 왔지,나 고 고 고  고 도    어어 그 아 아기 에 이어 지 제이 지 아아면 데가 아아지,0.7560975609756098
SD2202060-SDRW2200001617.1.1.142,좋아하는 남학생이 겹쳤던 거야,아하는 그 나 아 이 거  거,0.6875
SD2202060-SDRW2200001617.1.1.216,뭔가 그때 주어진 상황이,그가 그데 들어지 는 이,0.46153846153846156
SD2202061-SDRW2200001615.1.1.149,되게 검색하면,그게 이 거 하면,0.7142857142857143
SD2202061-SDRW2200001615.1.1.262,음 나는 그런 기준은 딱히 없어,어 나는 그은 기들은 다기 어,0.35294117647058826
SD2202070-SDRW2200001625.1.1.167,그래서 인제 중 고등학교 친구랑 야구장 가기도 하고,그해서 이제  고 고 고 고 다도 아하아기  이고라 이 이 가기도 하고,0.8214285714285714
SD2202096-SDRW2200002058.1.1.164,아 우리도 집을 쪼끔,아 어니도 지을 지,0.45454545454545453
SD2202097-SDRW2200002057.1.1.417,그때 한 번 얘기했잖아,그 데 아 면 이기 하지아,0.6666666666666666
SD2202115-SDRW2200001907.1.1.194,한번 해 먹으면은,하  해 어면은,0.4444444444444444
SD2202115-SDRW2200001909.1.1.145,아이 근데 뭐 잘못하는 것도 아닌데,아이니 그데 어 제 다는 거도 아니데,0.42105263157894735
SD2202126-SDRW2200002151.1.1.67,이게 주식이,이게이 지이,0.5
SD2202126-SDRW2200002153.1.1.6,저 같은 경우는,거 그은 거는,0.5
SD2202126-SDRW2200002154.1.1.19,브랜드 없이 그냥 뭐 지하상가라던가 길에서 파는 신발들은,그라도 어이 그 그 지하 서가라는가 기에에서 하는 게 지 들은,0.5161290322580645
SD2202126-SDRW2200002154.1.1.240,100원짜리 200원짜리 하나도,에  어 어  가  이 이 에  어  하나도,1.1176470588235294
SD2202128-SDRW2200002156.1.1.144,이제 수익이 별로 없었을 때였거든요,이제 이 서 이 이 이 도  을을 데 있거은,0.8421052631578947
SD2202128-SDRW2200002158.1.1.183,유 씨를 좋아하시네요 선생님은 네,이아을 제아하는 데 가 어 서 니은,0.8333333333333334
SD2202140-SDRW2200002332.1.1.397,뭔 내용인지 모르겠 잘 몰라 가지고,은 나 은 이지 는 고라게어어 도  라 가지고,0.7894736842105263
SD2202171-SDRW2200002168.1.1.442,무한도전만 한 예능이,면은 도에 아 하는 는 는 이,1.0909090909090908
SD2202176-SDRW2200002237.1.1.49,지연도 안 되고 얼마나 정확해 딱딱,지어도 아 데고 그 아거나 그 지하하  다,0.7368421052631579
SD2202176-SDRW2200002238.1.1.128,노래도 잘 하잖아,그이데  도 그 하지아,0.7777777777777778
SD2202176-SDRW2200002238.1.1.203,그 할아버지가 다,그 아아지가 다,0.2222222222222222
SD2202180-SDRW2200002261.1.1.408,그 맞습니다 그,그 거 있니다,0.625
SD2202202-SDRW2200002191.1.1.202,놀아 주는 사람은 우리 딸내미니까 가 가지고 또 야옹 많이 거리고,나아 지는 그라하은 아 그이 다나 이니가 가 가지고 도 이은 아이 거이고,0.5277777777777778
SD2202202-SDRW2200002192.1.1.356,외식도 시켜 먹는 거,에 이도 지해 는 거,0.5454545454545454
SD2202202-SDRW2200002192.1.1.358,마라탕도 한번 시키면은,아라다도 그 하 거 하면은,0.6666666666666666
SD2202202-SDRW2200002192.1.1.67,막 싼 거 1 플러스 1에 집중한다,어 있 거  이 이 라서 이에 그 지   거,0.8421052631578947
SD2202202-SDRW2200002192.1.1.69,그래서 요번에는 이제 장을 좀 안 보고 있어,그서 이에는 이제 지을 지 아  고 있어,0.2916666666666667
SD2202202-SDRW2200002193.1.1.5,그거 또 어머니가 돌아가시게 되면 또 어떻게 해야 될지 당신은 어떻게 생각하고 있어,그거 도 어어니가 들아가지게 하면 도 어게게 해 들지 그 다 은을 어게게 해하고 있어,0.3695652173913043
SD2202210-SDRW2200002750.1.1.148,그 학력 그러니까 학교 다니고,그 하  그니니가 하 다니고,0.375
SD2202210-SDRW2200002751.1.1.137,생전에 좋아하시던 거 어 그런 거 올릴 수도 있겠고,면에 도아하지는 거 어 그은 거 에 어 도 있고,0.39285714285714285
SD2202213-SDRW2200002195.1.1.230,그런데 나는 이거에 대해서 의문인 게,그데 이거 에 나는 어은 게,0.55
SD2202213-SDRW2200002196.1.1.481,응 나는 근데,나는 그데,0.42857142857142855
SD2202213-SDRW2200002197.1.1.251,응 맞아 갑자기 딱 흐름이 한번 이제,어 아 아 그 기기 다 다 이 하 이제,0.55
SD2202213-SDRW2200002197.1.1.491,어 맞아 지금 와이투케이 반윤희 막 이러면서,나 아 아 지가 아이지 게이 하니이  이면서,0.5416666666666666
SD2202224-SDRW2200002217.1.1.322,그렇게 선전해 놓고,그이게 해 서 서는해 고,0.8
SD2202251-SDRW2200002783.1.1.17,그러다가,그다가,0.25
SD2202251-SDRW2200002784.1.1.36,그래서 저는 견적이 안 나와 가지고 저도 집에서는 홈트가 좀 힘들다고 생각하고 있어요,그서 제는 면제이 아 나가 가지고 그나도 지에서는 는 은해가   이들다고 하고 있어,0.3829787234042553
SD2202251-SDRW2200002784.1.1.79,네 근력 운동은 확실히 요즘,이에 그 제 은 은는 은,0.7333333333333333
SD2202252-SDRW2200002783.1.1.8,어쩌다 보니까 이렇게 들어오게 된 거죠,어지다 는 데 지 그거 면해,0.7142857142857143
SD2202257-SDRW2200002343.1.1.181,사실상 금전적으로 다 부담이 되는 건 사실이잖아요,가이 은  그 지 지 다 다 다 그 다이 하는 거은 다들이지아,0.8888888888888888
SD2202260-SDRW2200002348.1.1.191,어 우리 장모님이 좀 보람을 느끼는 게,어  어  어면이이 지 기 고라을 이기는 게,0.6190476190476191
SD2210027-SDRW2200000424.1.1.175,저는 햄버거를 제일 좋아해요,제는 해 거을 제이 들아해,0.4666666666666667
SD2210211-SDRW2200000222.1.1.119,갈아서 아이스크림으로 만들어주면,가아 서 아이 아 그 을 들어 지면,0.6470588235294118
SD2210211-SDRW2200000222.1.1.86,어 나는 딱히 부모님의,어 나는은는 다기 그 어도이,0.75
SD2210263-SDRW2200000671.1.1.236,모든 것을 다 이뤄 낼 거다 이런 생각은 별로 좋지 않은 생각인 거 같아,그는 거을 다 이어 을 거다 이는 거은 그 들지 하는은는 거 거 아,0.45
SD2210308-SDRW2200000698.1.1.106,제품 제형을 바꿔 주는 효과가 있다 해 가지고,그 제이 제어을 어 지는 이아가 있다 해 가지고,0.36
SD2210308-SDRW2200002414.1.1.292,맞아 일단 구워 주시는 난 솔직히 고기를 굽기 나름이라고 생각하기보다는,그아 이 고어 지는 거  고기을 고기기 나이라고 해하기 그하면,0.5384615384615384
SD2210955-SDRW2200001042.1.1.332,내가 장기적으로 알발 해 본 적이 없어 가지고,나가 제기제을 아아 해 은 이 있어 가지고,0.4
SD2210955-SDRW2200001042.1.1.382,그냥 재수하는데,그 제서하데,0.5
SD2211487-SDRW2200000870.1.1.21,감동은 다르다고 생각을 하거든,가도은 다라다고 해을 하거,0.375
SD2211487-SDRW2200002508.1.1.328,완전히 평범한 식사를,그   은 이  아      하 이 이,1.7272727272727273
SD2211487-SDRW2200002508.1.1.345,맞아 아무래도,나아 아니라도,0.42857142857142855
SD2211487-SDRW2200002509.1.1.232,어 온수도 그렇게 많이 틀지 않는 거 같아,어 은서도 그게 이 들지 는 거 아,0.30434782608695654
SD2211487-SDRW2200002509.1.1.244,근데 신문지를 유리창에 붙이면은 뗄 때 힘들지 않아,그데 이은 지을 이이 이에 다이면은 이 데  들지 아,0.5
SD2212046-SDRW2200002030.1.1.131,그때마다 아이들한테 내가 아이들을 별로,그 들 다다 아이들 하 나가 아이들을 도,0.42857142857142855
SD2212046-SDRW2200002030.1.1.26,그렇지 그것도 이제 돈을 벌고 일정 시간을 한 게 아니라 나는 봉사 시간이라는 개념으로,그지 그거도 이 이제 도을  고 그 이  기 을 하 게 아니라  나는  어 기  이라는 기 기이,0.4791666666666667
SD2400005-SDRW2400000733.1.1.189,운동은 좌우간,그  은 지고,0.8571428571428571
SD2400036-SCRW2400000252.1.1.9,그리고 인제 그 당시에 처음으로 인제 가수의 음 앨범을 구매를 하기도 했었고,그이고 이제 그 그 다지에 서 서  이제 가서에 어 어 에어을 그 고 하기도 해고,0.5476190476190477
SD2400036-SDRW2400002830.1.1.48,그런 데를 찾아가 보는 건 어떨까요,그는 데을 하아가 고는 거 어들가,0.42105263157894735
SD2400036-SDRW2400002831.1.1.92,샀을 때가 제일 비쌌던 시기 여 여가지고,있을 데가  제이 이 기 어어 가지고,0.5
SD2400048-SDRW2400000422.1.1.217,좀 시키려고 하다 보니까 얘가 이제,지기라고 하다 하니 아가 이제,0.42105263157894735
SD2400048-SDRW2400000424.1.1.244,싱크대 위에다 얹어 놓고 쓸 수 있는 한 6인용 정도,그  에에 이에다 어어어 어고 을 거 있는 하 이 기 이 도,0.5862068965517241
SD2400053-SDRW2400000441.1.1.116,그 요즘 흔히 말하는 아이돌 이제 젊은 가수들을 보면은,그 이 이 하는 아이들 이제 은 가서들을 면은,0.3
SD2400053-SDRW2400000441.1.1.126,예 그러니까 거의 이게 업무가 업무도 그렇지만 일하는 자체가 그 일반 직장인보다도 아주 힘들게,이 그니면 거이 이게 어어가 어어도 그지  이하하는  거 하가 그 이 이  지 지 이다 도 아이 들게,0.5384615384615384
SD2400059-SDRW2400000018.1.1.166,어 저도 악기에 대한,어 제도 아기에에 에 데하,0.6363636363636364
SD2400059-SDRW2400000020.1.1.40,그리고 끓어 끓었을 때 그 고기를 또 절반이나 3분의 1 정도는 각자 잘라서 또 삶는다든지,그이고 그어  그을을  그 고기들 도 들 이나 그 은 이 이 이도는 가제기 라서 도 있는다는지,0.48
SD2400082-SDRW2400000764.1.1.209,뭐 이렇게 아이들도 들어가서 놀고 이렇게 하더라고,어 이게 아이들도 들어가서 나고 이게 하들라고,0.18518518518518517
SD2400082-SDRW2400000765.1.1.19,내가 이제 원래 고향 자체가 저쪽 남쪽이다 보니까 이쪽에서 먹는 거 이제 충청도 이 음식을 잘 몰랐는데,나가 이제 그 을라 고하이 지제가 그 고  나 에 다 그니가 이 에서 는 거 이제 제 은도에이 이제 어 을 제 어 라는데,0.5789473684210527
SD2400087-SDRW2400000426.1.1.67,그 각 가정마다 하나씩 다 키우고 있는 걸 봤는데요,그 가 가제 다 하나가 다 기 고 있는 거 는데,0.32142857142857145
SD2400089-SDRW2400000773.1.1.1,너는 건강을 위해서 먹고 있는 영양제가 있니,니는 그 거가을 이해서 하고 있는 그 어 제가 있나,0.5
SD2400152-SDRW2400000041.1.1.17,오 다 모였구나,어 다 아 거나,0.5
SD2400153-SDRW2400000041.1.1.28,그 후에 맞는 날짜를 알아보려고 지금 알아보고 있는 중이야,그 이에 있는 나 아을 해 아아 지고 지그 아아가고 있는 지이아,0.5
SD2400157-SDRW2400000487.1.1.7,그거 받고 나서 자수했다고 하더라고,그거 하고 나서 다서있다고 하라고,0.2631578947368421
SD2400189-SDRW2400000491.1.1.16,우리 name1 선생님,그이 그 이 이 이 이 은 이,1.1666666666666667
SD2400189-SDRW2400000491.1.1.76,맞아요 인제 다이어트를 함에 있어서,아아 이제 다이어어을 하에 있어서,0.3157894736842105
SD2400190-SDRW2400000492.1.1.175,제가 거기에 대해서 너무 무지하고,제가 거기에에 해해서 도 나지하고,0.2777777777777778
SD2400204-SDRW2400000819.1.1.144,어 한 6살 7살 때 약간 그 멜로디언 같은 거 있었잖아,어    서  서    데 이 그  그 그 면도이 어 은 거 있어아,0.7096774193548387
SD2400204-SDRW2400000820.1.1.4,어 정확하게 잘 모르는데 아마,어 는는는는는는                   어 어 어        어 지  하게게 다 다  고 는데 아,3.1875
SD2400220-SDRW2400000829.1.1.147,잘 갔다 오라고 할 거 같아,제 가다 가라고 하 거 아,0.3333333333333333
SD2400224-SDRW2400000833.1.1.105,학교가 일단 고등학교가 애초에 산꼭대기 위에 있어 가지고,그 에 가 이 고 하가가 에 에 에해     들 에 있어 가지고,0.6129032258064516
SD2400224-SDRW2400000833.1.1.203,서 그거는 나는 안 좋다고 생각해,그서 그거는 나는 아 다고 해,0.2777777777777778
SD2400233-SDRW2400000838.1.1.133,그 외모가 또 출중해서 그런 평을 받는 거인지 모르겠지만 암튼,그 이 고가 도 을 해서 그은 면을 는 거 있지는 는 지 아은,0.5294117647058824
SD2400233-SDRW2400000838.1.1.179,하다 보니까 자연스럽게 좋아하는 연예인,하다 하니그 이 다는도 게  아하는 이 은해이,0.6666666666666666
SD2400241-SDRW2400000848.1.1.7,그거 이제 종합적으로 돼 있는 거를 어저께 마치 구입해서 어제 저녁에 먹고 왔습니다,그거 이제 제 도 아  지도 데 있는 거을 어 어제게 아지 고이 해서 어제게 지 에에 거고 있을니다,0.5869565217391305
SD2400251-SDRW2400000844.1.1.22,볼 때마다 되게 웃겨,그 데 다다 데게 그 아기,0.8181818181818182
SD2400251-SDRW2400000845.1.1.4,우리가 이렇게 정리를 해 주면,어 이가 이 이게 지 해 지면,0.5625
SD2400266-SDRW2400000515.1.1.187,일단 머리를 주인한테 이렇게 대고,어  이  어 이들 아 지이  이게 데고,0.8333333333333334
SD2400279-SDRW2400000094.1.1.119,작은 애 찾다 보니까,다은 을 있다 하니,0.45454545454545453
SD2400279-SDRW2400000094.1.1.6,어 우리 고양이를 2마리 키우고 있거든요,어 어  고아이는 들 아이 기고고 있거은,0.5454545454545454
SD2400279-SDRW2400000095.1.1.179,그래서 굳이 영양가 없는 거를 내 돈 주고 사 먹을 필요가 있나 싶어서,그기서 그이 이면가 는 거라 도 들고 서을을 들가가 있나 어서,0.41025641025641024
SD2400307-SDRW2400000526.1.1.40,처음으로 고깃집 알바를 하는 거라서 잘 모르겠지만,고기 지 아다을 하는 거 라서 이 제 다 고라게지,0.7407407407407407
SD2400307-SDRW2400000527.1.1.133,뭐 다른 곳이 가고 싶거나 어디 어디든지 가고 싶으면 가는 그런 즉흥적인 여행을 좋아하는 거 같아,어 다은 거이 가고 있거나 어어 어가 어 어이 는지 가고 있어면 가는 그 그  지 지그 제이 게을 아하는 거 아,0.5185185185185185
SD2400315-SDRW2400000114.1.1.2,소개팅 같은 것도 해 봤을 거 아니야,그이그어그 서게 하은 거도 해 을 거 아니,0.6
SD2400317-SDRW2400000118.1.1.47,또 여기서 빵을 파냐 이런 것들 물어봐서,도 거기서   을 하나 이는 거들을 들어서,0.5
SD2400345-SDRW2400000529.1.1.142,그러니까 얼마 전에 한번 그 유명,그니게 아나 에 하 그 이면,0.5
SD2400345-SDRW2400000529.1.1.147,야 그 집에 사장 나이가 많으니까,아 그 지에 가제 나이가가 아 나아니,0.5555555555555556
SD2400345-SDRW2400000530.1.1.96,그래서 이제 자고 아침에 뉴스를 보니까,그게서 이제 하고 아니 에 이 이서을 가니,0.5238095238095238
SD2400373-SDRW2400000892.1.1.8,키울 수가 없어,어 기을 데가 있어,0.75
SD2400406-SDRW2400000558.1.1.38,저는 되게 특이한 알바를 얼마 전에 했는데,제는 데게 이 이하 아다는 아 아 에 있는데,0.5652173913043478
SD2400410-SDRW2400000134.1.1.60,네 그 그러니까 티케팅을 하느냐 안 하느냐의 좀 차이일 수 있긴 한데,그데 그 그니가 그 이기이을 하는라 아 하는라에 지 하이 이 있기 하데,0.5526315789473685
SD2400419-SDRW2400000908.1.1.5,어 자기랑 그 집에서,어 기나 그 지에서,0.2727272727272727
SD2400458-SDRW2400000157.1.1.19,그래서 로제 떡볶이도 좋아하는 거 같아요,그에서 도제 이 이도 아하는 거 아,0.3181818181818182
SD2400458-SDRW2400000158.1.1.138,그리고 또 그 중 피와 제이의 그 중간 어딘가에 내가 있다라고 생각을 해서,그니고 도 그 지 이  제이에 그 그 그 지가 어은가에 데가 있다라고 해 해서,0.4146341463414634
SD2400462-SDRW2400000934.1.1.149,9000도 걷고,그이  도고 고,0.75
SD2400469-SCRW2400000019.1.1.57,같이 예전 기억을 떠올리며,가이 이 이  기어을 다 다 어을이면,1.0
SD2400495-SDRW2400000177.1.1.79,이게 진짜 유명한 건데,이게 이 지도 이 이면 데,0.75
SD2400495-SDRW2400000180.1.1.214,나는 우리 가족은 엄마 아빠하고,나는 이 가기은 어 아하고,0.35294117647058826
SD2400496-SDRW2400000178.1.1.28,나도 중학교 때 엄청 재밌었단 말이야,나도 고 고 아기  데에 에 어  제있있어다 그이,1.0
SD2400496-SDRW2400000180.1.1.149,내가 첫사랑이 있단 말이야,제가 서  가라이 있다 그이,0.6428571428571429
SD2400513-SDRW2400000958.1.1.63,한번 그렇게 시간 내요 응,그,0.9285714285714286
SD2400538-SDRW2400000225.1.1.61,그 아르바이트를 지원할 때 1줄 넣으려고 하는데,그 아 아이이이들을 지어을 데 하   나을라고 하는데,0.5769230769230769
SD2400538-SDRW2400000227.1.1.106,할인되는 것도 없고 해서,하  하는 거도 고 해서,0.46153846153846156
SD2400605-SDRW2400000985.1.1.59,어렸을 때부터 굉장히 많이 봐 왔는데,어 을  거 도다 는 그게 이  는데,0.6
SD2400637-SDRW2400001001.1.1.113,아 소속은 affiliation2 학생인가,아 서서 은 은    그 가 가 가 가 가,0.782608695652174
SD2400657-SDRW2400001016.1.1.15,베이비 부머 세대의 그 그 생활 곡선하고 일치하는 거 같아요,데이이 은 어 에 에 그 그 그 그 그 을 고서하고 이지 하은 거 하아,0.696969696969697
SD2400657-SDRW2400001016.1.1.70,음 글로벌적으로 나가기 때문에,어  그 도  가 도도 나가가기 기에,0.875
SD2400659-SDRW2400000255.1.1.31,내가 연주를 들으러 왔지 무슨 말솜씨 들으러 왔냐라는 분들도 컴플레인이 엄청 많았어,제가 면지을 들을어 가지 아은 나 이 이 들어어 가니 라는 들들도 그 거 라라이 이 어 어   나아어,0.7608695652173914
SD2400723-SDRW2400001054.1.1.31,그 결혼식장에서 와서 이거 이 답례품 주면 이게 뭐 법에 걸린다고,그 그는은 에서 가서 이거 이 다 나   이면 이게 어 그에 거는다고,0.4166666666666667
SD2400728-SDRW2400001057.1.1.51,그 중국 쪽 여자 사업가,그 그 지   도 어 서가,0.6923076923076923
SD2400730-SDRW2400001058.1.1.79,공동체로 서로 어떤 목표를 향해서 나아가는 것이기 때문에,고 도 제에 서도 어 어도 거 해 이 이해서 나아가는 거이기 기에,0.6129032258064516
SD2400730-SDRW2400001059.1.1.14,그렇게 생각을 하고 선택했나 이렇게 생각을 했는데,그그게 이 해 을 하고 그 서  이 있나 이이게 그 해을 해는데,0.6666666666666666
SD2400739-SDRW2400000267.1.1.250,70프로 정도는 좀 괜찮더라고,그  지 이  그 그도는 그 도 그 그라고,1.0
SD2400740-SDRW2400000265.1.1.117,어 저는 이 규모가 커진 거에 대해서 굉장히 좋더라고요,어 서는 이 그 가 거지는 거에 제해서서 가 가 게 있라고,0.5
SD2400740-SDRW2400000268.1.1.97,어 이런 사주 보는 것도 재미있고 어떻게 보면은,어 이어는 서 서  는 거도 제 제 있고 어게 면은,0.5
SD2400796-SDRW2400001097.1.1.149,모든 으 기록적인 장소에서,은  그어 기 기어 제이 이 그 그 그 지서에서,1.4285714285714286
SD2400801-SDRW2400000641.1.1.48,같이 경기도 보고,가이 거기도 고,0.3333333333333333
SD2400835-SDRW2400000654.1.1.47,그래서 찍었는데 또 아이엔티제이가 나온 거야,그기서 지어는데 도 아이에제이가 나은 거,0.3333333333333333
SD2400866-SDRW2400000339.1.1.135,그 뭐 그 뭐였지,그  그  지,0.3333333333333333
SD2400872-SDRW2400000668.1.1.143,그냥 내가 사고 싶었던 신발 있어 가지고,그그 나가 하고 있을 는 이 있어 가지고,0.4090909090909091
SD2400881-SDRW2400000349.1.1.48,이번 주인공이 그 주황색에 걔 걔가 어쨌 그 좀 하는 행동들이 너무 마음에 안 들어 가지고 아 인사이드 아웃 원보다는 투를 좀 더 재미없었게 봤었던 거 같아,이거 에 지이 이 그 그 지하 서기 이 게 게가 어 어제 그 지 하 하는나 해들들이 나 나에 아 들어 가지고 이라가 이 이라이 다 하고 면 고다는 들을  어 지 을 있게 있 거 아,0.6666666666666666
SD2400881-SDRW2400000351.1.1.45,그런데 그러면은 이력서 같은 거는 써 아 자소서,그는데 그하면은 이 서 그은 거는 서  아 지서,0.3076923076923077
SD2400881-SDRW2400000352.1.1.227,어 현실이 아닌 거잖아,그니그가 이 아니 거아,0.5833333333333334
SD2400917-SDRW2400000678.1.1.117,그 현대레포션 거기에서 이제 수영 늘 배우면서,그 서 들 에  이 거기에서 이제 서 을을 에 면서,0.56
SD2400918-SDRW2400000680.1.1.190,그래서 이제 내가 내가 가고 싶은 거는 좀 개발자 쪽에서도 막 막 너희들 알게끔 하면은,그그서 이제 제가 나가 가고 있은 거는 그  게   다 도에서도 나 그 나 거이들아 아게 하면은,0.4375
SD2400929-SDRW2400000372.1.1.181,자녀는 제가 계획하지 않더라도,는 제가 기게하지가 하다라도,0.4375
SD2400933-SDRW2400001146.1.1.207,아직은 내가 그런 데 의존하고 싶지는 않아 그래서,아지은은 제가 그은 데가에 어도 하고 있지는 아 그서,0.4444444444444444
SD2400967-SDRW2400001164.1.1.58,맞아 그 내가 좋아하는 엔시티 드림에 재민이라는 멤버가 전시회를 열었단 말이야,아아 그 제가  아하는 에 지 들이에 제이이라는 면 가      이 이어다 거이,0.5348837209302325
SD2400983-SDRW2400000689.1.1.239,어 그 사람이 좋아할지,어 그 그 이 아하지,0.3333333333333333
SD2400983-SDRW2400000689.1.1.27,그래서 당근마켓에서 어 아이들 뭐 운동화라든지,어 그해서 다은 아게 에서 어 아이들 어 가 은도하라는지,0.64
SD2400999-SDRW2400001195.1.1.250,약간 한 2 3대째,그니면 하 이 서들제,0.8
SD2400999-SDRW2400001197.1.1.17,맞아 내가 그래서 그 name1이 형한테 계속 아 서울에서 너무 결혼식 많이 한다 요새,아아 제가 그해서 그 그 그 이 이 이 그은 데 게 아  서을에서 가 도고 그 그    이 하다 이,0.6458333333333334
SD2401027-SDRW2400001238.1.1.156,병원은 인제 쪼끔 한 10분 정도 걸어가면 좀 대형 병원이 있고,그 그 그은은 이제  그 은 이 이  도 들어 가면 은 제 다 데어이 있고,0.6285714285714286
SD2401029-SDRW2400001241.1.1.19,응 이 4자녀가 있는 응 가장이 죽고 이런 저기를 너의 편리성 때문에 자꾸 사용하는 걸 하면 안 되겠다,어 이 이 나 에 다 가 있는 에 가지 에 지고 이은 이 기을 거에 어 면이   나 에 지고 이아하는는는 거 하면 아 하게다,0.6666666666666666
SD2401030-SDRW2400001243.1.1.76,젊은 사람들 또 이렇게,들은 서 들을 도 이게,0.5
SD2401030-SDRW2400001245.1.1.176,사이즈가 이렇게 혹시 안 맞으면 반품도 해야 되고 그래서,서이지가 이제 게 다이 아 있아면  제 도 해어 하고 그서,0.4838709677419355
SD2401036-SDRW2400001257.1.1.102,그런 등급을 제가 찾아봤는데,그는 그그 을 제가 하아는데,0.4
SD2401040-SDRW2400001263.1.1.56,근데 그 슈퍼스타 케이는 좀 오래 됐고,그데 그 지어 서아 게이은는   어 고,0.5714285714285714
SD2401040-SDRW2400001264.1.1.88,뭐 하는 거랑 그리고 남편의 경우에는 정자가 몇 살인지 정도 그런 검사를 할 수 있는 게 있는데,어 하는 거라 그니고 그 나면에 그 그 에는 제 제다가 면  가이지 도도 그 그은 거 거서 하 있는 게 있는데,0.5471698113207547
SD2401055-SDRW2400001283.1.1.228,좀 접하기 쉬운 예능이라든가,그  하기에 이 이은 이 이라는가,0.6666666666666666
SD2401055-SDRW2400001283.1.1.81,어떤 연예인이 제일 좋아,어어 이 제 아,0.46153846153846156
SD2401086-SDRW2400001338.1.1.51,어 미용도 괜찮을 거 같고 그러니까 자격증은 많은데,어어 이 이도 아 을은 거 있고 그니가 그 가기하은 아은데,0.5714285714285714
SD2401087-SDRW2400001339.1.1.109,엑소 얘기를 해서 생각이 나서 그런데 백현과 태연의 열애설이 엄청 큰 이슈를 안겨 줬잖아,에 서 에 기을 해서 이 나서 그는 데 에 그 해 어에 어 에 서이 이 아는   이어을 아 기어 지아,0.7142857142857143
SD2401090-SDRW2400001345.1.1.92,좀 가격이 나가는 보조제이긴 하지만 확실히 먹으니까,그 가기이 나가는 도도 제이기는 하지면 는 하 하 거이니,0.5714285714285714
SD2401090-SDRW2400001346.1.1.112,어 거기 물걸레 청소 기능이 있어서,어 거기에 을 거에 해 기 기는이 있어서,0.47368421052631576
SD2401127-SDRW2400001427.1.1.273,다들 그걸 켜고 하고 있는 거야,다들 그거 기고 하고 있는 거,0.17647058823529413
SD2401127-SDRW2400001428.1.1.139,요새 재테크 같은 거,이  제 제 제   은 거,0.8181818181818182
SD2401142-SDRW2400001449.1.1.209,지금은 뭐 딱히 기억은 안 나는데,지은 어 그 다게 기어  나데,0.5555555555555556
SD2401149-SDRW2400001463.1.1.152,경기 힘들면 힘들다,그기에 들면 들다,0.4
SD2401149-SDRW2400001463.1.1.96,계란을 1바구니에 다 담지 말라고,게 라을 하가 은니 다 다지 하라고,0.5555555555555556
SD2401149-SDRW2400001464.1.1.36,그런 것 생각지도 못해 봤는데,그은 거 해 지도  해 는데,0.375
SD2401150-SDRW2400001463.1.1.233,코인 오빠가 한 시 한 8년 전인가,그  고 이 아 가 하  이  하 거 하면 제 가,1.0
SD2401150-SDRW2400001466.1.1.34,기대를 안 하고 봤던 영화 중에서 기억에 남는 영화 중에 하나야,기제을 아 하고  가는 그 는하 에서 기 에에 나는 그 이하  에 하나,0.5714285714285714
SD2401153-SDRW2400001473.1.1.133,나중에 아이도 낳고,나도에 아이도 나고,0.2
SD2401153-SDRW2400001473.1.1.78,어 여기에서 시키면 괜찮겠다,어 거기에서 지기이면 그 그지게다,0.6
SD2401198-SDRW2400001552.1.1.180,근데 너무 좋아하니까,그데 나 도아하니,0.45454545454545453
SD2401200-SDRW2400001557.1.1.143,어 리셀 판매라는 게,어 이  에 에 에  이  라는 게,1.0909090909090908
SD2401204-SDRW2400001568.1.1.37,이렇게 만들어 놨는데,이 게 면들어 나는데,0.2727272727272727
SD2401218-SDRW2400001595.1.1.1,근데 지금 너무 막 엉겁결에 아기를 옷도 안 입히고,그데 지은 도 나 어게게 아기는 어도 아 이고,0.5
SD2401265-SDRW2400001670.1.1.109,같이 인제 어 고양이 같은 경우는 상당히 그래도 제가 들고 인제 반려동물을 어 들고 다녔어요 왜냐하면은 인제,가이 이제 어 고아이 다은 거에는에는 에 그라도 제가 들고 이제 이 가라 들 그 들고 다니어   하면은 이제,0.4
SD2401265-SDRW2400001671.1.1.145,어떤 가전제품이 있습니까,어 가는 제이 있을니다,0.46153846153846156
SD2401279-SDRW2400001701.1.1.51,뭐 요즘 사람들 많이 좋아하는 거 같더라고,어 이 은 다들을 아이 들아하는 거 하라고,0.4782608695652174
SD2401279-SDRW2400001702.1.1.121,그러니까 그런 거 그냥 신경 쓰지 않고 그냥 내 주머니에 있는 거 사 그냥 가지고 살아,그니가 그는 거  그그  이   지 있고 그그 나가 어니 있는 거 을 그 가지고 서라,0.4166666666666667
SD2401279-SDRW2400001702.1.1.128,그럼 서로가 서로를 얽매는 거야,그다면 서고가 서을    이는 거,0.5294117647058824
SD2401279-SDRW2400001703.1.1.64,근데 같이 나이 먹어서 같은 취미로 같은 장소에서 이렇게 우리처럼 할 수 있다는 것은 복이야,그데가 가이 나이 들어서 가은 이 지이도 가은 지서에서 이 이게게 어 고이들  거 있다는 거은 고기아,0.5294117647058824
SD2401281-SDRW2400001705.1.1.88,쪼끔이라도 본 적 있었어,그이라도   있어,0.38461538461538464
SD2401281-SDRW2400001706.1.1.110,그리고 거기서 탕수육도 시켰었는데,그니고 거기서 다  서 에도 지기는데,0.5555555555555556
SD2401281-SDRW2400001708.1.1.200,혹시 기억에 남는 결혼식이나 그런 거 있어,그  기어에 나는 거 그 이나 그 거 있어,0.391304347826087
SD2401296-SDRW2400001730.1.1.142,또 우린 이제 그 일정한 기간 동안 이제 계속 이거 먹어서 이제 해 보니까,도  이 이제 그 이  하 기가  아 이제 게 이거 어어서 이제 해 어니,0.36585365853658536
SD2401297-SCRW2400000048.1.1.29,정말 매일 수영장을 갔어요 수업이 없어도,제  제을  서 그 을을 가어어 기 이 있어도,0.6818181818181818
SD2401298-SCRW2400000051.1.1.74,그 바닷가도 가고 가 보고 싶었으니까 일일 투어 그런 게 있어요 거기 보면,그 가다가도 가거고 가 고고 있어어니가 이 이어 그는 게 있어 거기 면,0.34146341463414637
SD2401306-SDRW2400001752.1.1.149,이 일대 1대2 수업도 찾으면은 많이 있거든,이 이 데 이 데 이 이  기  도 다 있은면은  이 있거,0.8333333333333334
SD2401315-SDRW2400001761.1.1.125,흠 으휴 나하고 너무 취향이 안 맞아요,그 나 하고 나는 지하이 아 나아,0.5238095238095238
SD2401315-SDRW2400001761.1.1.48,뭐 바쁘다고 영화관 안 가고 맨날 넷플릭스나 뭐 티빙이나,어 나다다고 고 어하가 나 가고 그 면 나  이 에 나 어 이이나,0.7096774193548387
SD2401315-SDRW2400001764.1.1.148,근데 되게 불쌍하더라고,이데 들게 들 하라고,0.4166666666666667
SD2401315-SDRW2400001764.1.1.70,차라리 없는 아이들한테 쪼끔 도와주는 게 낫지 않을까 난 개인적인 내 생각에,하라이 어는 아이들 하데 도  도아 지는 게 나지 아을가 나는는 그 게 는 제이 그 나 해 에,0.7142857142857143
SD2401350-SDRW2400001826.1.1.173,계단 강아지 계단도 이렇게 집에 놓고 매트도 깔려 있고,게 다 그아지 기 기 도 이게 지에 도고 그 면이도 가아 있고,0.5666666666666667
SD2401350-SDRW2400001828.1.1.39,어,아,1.0
SD2401391-SDRW2400001897.1.1.119,회식이 없던 곳에서 회사 생활했기 때문에,해이이 어은 고에서 서 해서 해을을 하기 나 에,0.7272727272727273
SD2401391-SDRW2400001897.1.1.22,비교해서일까 아니면 그게 어떠한 판단의 척도가 있어서 그렇게 얘기를 했을까,이그 해서 이가 아니면 그게 이 어다하 하 다에 도가 있어서 그게 이기 해을,0.4878048780487805
SD2401392-SDRW2400001894.1.1.16,나머지 것들 중에 어 에이아이가 어 기존 대비해서 많이 유입되었다라고 생각하는,나아지 거들 이에 어 에이아이가 어 기도 데이 해서 아이 이이 하어다 라고 해 하는,0.37209302325581395
SD2401425-SDRW2400001935.1.1.102,남들 송편에 다 묻어 있어 갖고 나는 꿀도 못 먹고 그랬어,그 나들 서고 면에 다 어 있어 가고 나는 그도    고 그어,0.40625
SD2401425-SDRW2400001937.1.1.222,음식도 그런 부분이 있는 거 같아,도 그 이 있는 거 아,0.3333333333333333
SD2401490-SDRW2400002064.1.1.105,약간 그런 새로운 어떤 그리는 형태를 좀 더 추구했다가,그아 그는 거 어 그이는 이  이 을 제      하다가,0.6666666666666666
SD2401494-SDRW2400002070.1.1.182,그게 아 그렇게 아니고 좀 덜 붐빌 때 가면은 좀 이렇게 음 좋 좋아요,그게 아 그게 아 아니고 지 들 고  데 가면은 지 이게 그 은 아해,0.358974358974359
SD2401498-SDRW2400002079.1.1.132,나도 취미로 한번 해볼까 했는데,나도 지이 고 하 해 해 해 을  해는데,0.7647058823529411
SD2401498-SDRW2400002079.1.1.178,거기도 텃세가 엄청 심하더라고,거기에도 다 에가 아 어  하하라고,0.5625
SD2401500-SDRW2400002082.1.1.211,동생이 원래 뭘 만드는 걸 좋아하거든,그  그 그 이 어  을 그 면들는 거 아하거,0.85
SD2401500-SDRW2400002082.1.1.58,아 네가 그 여행 갔을 때 먹었던 젤라토가 진짜 맛있었을 거 같은데,그아니 니가 그 그 어  가을 데 들어는 제라 도가 지지 나있을 거 은데,0.5405405405405406
SD2401500-SDRW2400002082.1.1.69,나는 그중에 그 동생이 술빵을 되게 좋아하는데,나는 그 그  에 그 그 도그이 을 을 제게 아하는데,0.48
SD2401500-SDRW2400002084.1.1.166,그냥 최근에 또 너무 심심한 거야 주식만 하기에,그나  그에는 도 나        거아 지에 하기에,0.6153846153846154
SD2401500-SDRW2400002085.1.1.158,팽이버섯도 정말 맛있다,다 이  어어 도 제   있다,0.8333333333333334
SD2401507-SDRW2400002099.1.1.244,일단 안 먹으니까,이 는 이     거니,1.1111111111111112
SD2401513-SDRW2400002110.1.1.27,그 촬영지였던 동해 고성 거진항이라는 곳도 가봤던 기억이 납니다,그 서 지 어는 도해 고서 거지하이라는 고도 가 가은 기이 나니다,0.42857142857142855
SD2401513-SDRW2400002111.1.1.120,러브레터라는 일본 영화를 좋아해서,서그 에이어라나는 이은이 이어을 아해서,0.7777777777777778
SD2401513-SDRW2400002111.1.1.178,제가 뭔가 삶을 다시,제가 그가 그을 다,0.2727272727272727
SD2401513-SDRW2400002112.1.1.215,또 아이가 놀이공원 가듯이 그런 코스트코를 굉장히 좋아해요,도 아이가 도이 고은 가 들이 그은 그 고 서도 고을 이 그 아해,0.65625
SD2401531-SDRW2400002148.1.1.98,또 인제 운동 시설이 있고,도 이제 은도 기이 있고,0.42857142857142855
SD2401539-SDRW2400002163.1.1.78,어 일과 휴가가 인제 구분이 안 되거든요,어 이가 가가 이 이제 기은이 아 데거은,0.5454545454545454
SD2401539-SDRW2400002165.1.1.128,모아 볼 만하겠다는 생각이 들더라고요,아 을 면 하게다라는는 이 들도라고,0.55
SD2401543-SDRW2400002173.1.1.47,내가 자신이 없어서,나가 지 이 있어서,0.4
SD2401548-SDRW2400002178.1.1.16,어렸을 적이라 그랬을진 모르겠지만,어 을 지이라 그있을 지는 는 다라지면,0.6111111111111112
SD2401548-SDRW2400002178.1.1.263,어릴 적에는 진짜 꼭 챙겨 봤던 거 같아,어을 들에는는 지는  그 고 제 다 거 아,0.5909090909090909
SD2401548-SDRW2400002180.1.1.80,그래도 뭔가 내 직무나 아니면은 위치나 이렇게 다양한 이유들이 있잖아,그라도 가 나 지 은나 아니면은 이이나 이제게 다 다아하 이들이 있지아,0.39473684210526316
SD2401557-SDRW2400002199.1.1.134,왠지 고기를 구워 먹을 수 있 구워 먹기가 편하니까 좀 이렇게 스 가족끼리 이 친구끼리 어 둘러싸여서 좀 뭐 불멍 같은 것도 해 하면 좋은 게 또 펜션이다 보니까,면 이지 고기을 고어 어을 거 있이 고어 하이가 다하니고 지 이게 지   가  가지 들 이게제게 지고 들    어 니 들다 서아서   어 어 면 면 들면 있은 거도 해 하면  은 게 도 그 이다 그니,0.6777777777777778
SD2401557-SDRW2400002200.1.1.139,그래 갖고 요새 좀 잘 나가는 물건들 뭐가 있을까 좀 보는 것도 있고,그해 가지지고 이 이에    나 가는 그 들 고가 있을게  는 거도 있고,0.47368421052631576
SD2401577-SDRW2400002238.1.1.219,어 티브이에서도 가끔 많이 나와 있는데,어 지이에서도 가은 다이 나아 있는데,0.23809523809523808
SD2401577-SDRW2400002241.1.1.152,어 선생님 한 8분 계시는데 총각 선생이 한 3분 있어요,어 어     어  들 은 하지는 데 해 고 가 은이이 하 는 있어,0.7741935483870968
SD2401578-SDRW2400002239.1.1.72,나는 참 건강은 그냥 살고 운동하고 설거지하고 빨래하고,나는 제 거은은 그는 그 서고 어 은 하고 서거지 하고  하고,0.5
SD2401578-SDRW2400002241.1.1.199,아 올해 교감 교감 내 제자가 교감증을 땄대요,아고 어해 기가 기가 이 제 제제가 그 가 을 다다 해에,0.76
SD2401585-SDRW2400002256.1.1.97,그리고 모츠나베라는 곱창전골,그이고 고 지 나 이라는 고 고 기  은고,1.0666666666666667
SD2401595-SDRW2400002274.1.1.57,너는 졸업 작품 어떤 거 할지 생각해 둔 거 있니,나는 도  제 어 가  해지 해  거 있니,0.4444444444444444
SD2401610-SDRW2400002302.1.1.145,이걸 해결해 줘야 이게 문제가 해결되는 게 아닌가,이거 해을해 해 이게 면제가 해하는 게 아니가,0.2962962962962963
SD2401610-SDRW2400002304.1.1.111,그래서 뭔가 이렇게 준비하면서 아 이 길이 맞나 싶은데도,그해서 어가 이 이게 게 제 하면서 아 이 기이 있나 은 데도,0.3870967741935484
SD2401610-SDRW2400002305.1.1.27,그래서 뭔가 요즘 예능은 그래서 잘 안 보게 되는 거 같아,그해서 어가 이 이제 은 그서 다 아 게게 있는 거 아,0.40625
SD2401624-SDRW2400002331.1.1.42,생각보다 결혼을 해 보니까,그   그  그다 다 그을 해 하니,0.9285714285714286
SD2401624-SDRW2400002333.1.1.41,근데 대부분 그쪽에서 일했거나,그데 그 데도은 그에서 이있거나,0.5625
SD2401627-SDRW2400002339.1.1.17,저는 글씨를 못 쓰거든요,제는 그  을을 을 서거은,0.7692307692307693
SD2401627-SDRW2400002340.1.1.68,꼬리에 꼬리에 무는 얘기 옛날 사건 같은 거를 갖다가 다시 재조명해서 다루는 게 있더라고요,고이 에 거이에 은는 이 이기 이 제을 가거 가은 거 가다가 다이 제제 에서 다는 게 있도라고,0.52
SD2401673-SDRW2400002426.1.1.107,산책 시켜줄 수 있거나 같이 그러면은 약간,그니서 서 이해 을 거 있거나 가이 그하면은 아,0.6086956521739131
SD2401673-SDRW2400002426.1.1.190,딱 그런 거 그래도 약간 박스 좋아하고 서랍장 좋아하고 하는 거 같고,그나 그는 거 그에도 아가 가서 도아하고 서라   도아하고 하는 거 고,0.3684210526315789
SD2401673-SDRW2400002427.1.1.149,되게 뭔가 편안 편하더라고요,데게 그가  하 는 하하라고,0.5333333333333333
SD2401673-SDRW2400002429.1.1.114,그런 쪽으로도 약간 자격증 같은 것도 좀 취득해 보려고 많이 생각은 하고 있습니다,그은 그을도도 해 아가  지 지 하은 거도 어   이 지 해  이고 이 이 어 을 하고 있니다,0.6444444444444445
SD2401673-SDRW2400002429.1.1.207,하지만 거기 병원 쪽에서는 또 추천을 하더라고 뭐 간호 조무사 이런 거 자격증이라도 있으면은,하지면 거 기에 그 그은 에서 는 도 그 도 을 하들라고면 어 가  도 어 이은 거 지하이라도 있면은,0.5294117647058824
SD2401678-SDRW2400002440.1.1.183,그런데 그 브랜드가 지금 기억이 안 나네,그는 데 그 그 그 그다가 지 기이이  나는,0.5454545454545454
SD2401719-SDRW2400002518.1.1.67,이 사람은 이랬을 것이다 저 사람은 저 했을 것이다라는 거를,이 이 이 은 이있을 거이다 제 서 그을 거이다라는 거을,0.45454545454545453
SD2401719-SDRW2400002518.1.1.68,스스로 이렇게 생각을 하고 만들어 본다는 게 되게 좋다고 생각을 하거든요,그   서   이게 해 을 하고 면들어  다하는 게 들게  다고 고을을 하거나,0.475
SD2401719-SDRW2400002519.1.1.225,확실하게 인제 우리나라 드라마들과의 차이도 있고,그     하게게 이제 어나나라 들라나들 거이도 있고,0.5769230769230769
SD2401719-SDRW2400002520.1.1.78,그래서 호텔 쪽으로 넘어간 거예요,그에서 서 해 을 들어가 거에,0.5555555555555556
SD2401747-SDRW2400002618.1.1.265,어 어른들이 또는 기성 세대가,어 어어들이 도 는 기서 서해가,0.375
SD2401747-SDRW2400002621.1.1.28,주변 동료 성격 업무 이런 거까지 맞춰야 되니까,도 그어  그 지  도거   어 이 거가지 아,0.7692307692307693
SD2401747-SDRW2400002621.1.1.91,회사 생활이나 어떤 조직 생활은,그면서 해서 이나 어 지,0.7647058823529411
SD2401768-SDRW2400002590.1.1.74,그리고 인스타나 블로그 같은 데 요즘에 맛집 추천 굉장히 잘되어 있잖아,그니고 그 있서하 나  도그 가은 데 도 이지에 아 지 도 하은이 이 이  어어 있지아,0.717948717948718
SD2401774-SDRW2400002653.1.1.207,요새 사람들이 이제 뭐 그런 포럼이나 이런 데서,이  이 이제   그 그라이나 이 데서,0.38461538461538464
SD2401775-SDRW2400002650.1.1.89,그래 가지고 어 이거 같이 봐 봐야 되겠다 생각이 들더라고,그해 가지고 어 이거 가이  가 아어 하게다 이 들도라고,0.34375
SD2401775-SDRW2400002650.1.1.98,응 본 적 없어,어   지 있어,0.5
SD2401797-SDRW2400002694.1.1.167,외국의 유명한 미술 작가들이 조형을 설치를 해준 거라고 하더라고요,그   그에 이 이면 하 기   가가들이 고 을 을 을 해 은 거라고 하라고,0.6944444444444444
SD2401797-SDRW2400002694.1.1.28,글쎄요 저 지금은 한국 배우들은 사실 잘 많이 몰라서,아 그지 제 지은은 그 하 고 어 에어들은 다 다 아이 라서,0.6896551724137931
SD2401799-SDRW2400002698.1.1.123,이런 생각들을 하게 되지 않나 그렇게 유도된 거 같습니다,이은  들을 하게 들지 있나 그게 이도 하는 거 거 있니다,0.41935483870967744
SD2401799-SDRW2400002698.1.1.225,그러려면은 어 좀 서로가 솔직한 성격 그런 사람들끼리 만나면 좋겠고 아이도 그런 성격이면 좋겠고,그하라면은 어 지 서도 가 다 서 지 하 는 서 그라 서들들들 그  나나면 있게고 아이도 그 그은 그 서 이면 있게고,0.6415094339622641
SD2401802-SARW2400000004.1.1.274,계속해서 증가세에 있다라는 거,게 해서 는가해 있다라는 거,0.3125
SD2401802-SARW2400000006.1.1.99,피의 여제라고 지옥 물결 메인 이벤트 하는 곳에서,기에이 어제라고 지어 을 들 데있 니에 하는 거에서,0.5185185185185185
SD2401804-SARW2400000110.1.1.87,그래서 이 오기호가 빚을 탕감해 주겠다는 조건으로 그 여동생 영희한테 결혼을 하기 하자고 합니다,그그서 이 어 기 고가 이을 다가해 하게다는 그 도 거을 그 거 어 도 이 이 이 기 하  그  하기 하라고 하니다,0.660377358490566
SD2401828-SARW2400000080.1.1.196,근데 그렇게 여유를 두고 상대를 대하다 보니까,그데 그게게 이 이 기을 들고 이 이제을 데하다 하니,0.68
SD2401828-SARW2400000080.1.1.85,그래서 안 맞았던 거 같거든요,그에서 아 나은는 거 가거은,0.5
SD2401843-SDRW2400002556.1.1.192,건조기라든지,그제 거도기라는지,1.0
SD2401843-SDRW2400002556.1.1.98,근데 좀 두는 거를 보면은,그데   들는 거을 면은,0.35714285714285715
SD2401846-SCRW2400000229.1.1.49,꽈배기를 먹어서 그날은 되게 기분이 좋았었던 거,가데기을 들어서 그 나은 들게 기이이 들아 거,0.46153846153846156
SD2401846-SCRW2400000230.1.1.65,바깥에서 먹는 거는 돼지고기로 하고,다 에서 는 거는 데지고기도 하고,0.2631578947368421
SD2401848-SDRW2400002706.1.1.23,지금 문숙하고 파트너지,지그 면 하고 다은하지,0.5
SD2401848-SDRW2400002707.1.1.49,음 나도 해봤는데,어 다들 해 는데,0.4444444444444444
SD2401848-SDRW2400002709.1.1.117,그래요 언니 나도 봉사 할게요 그랬는데,그해 아니는 나도 거지 해게  그는데,0.42857142857142855
SD2401855-SDRW2400002718.1.1.293,그 쌤이 수업도 잘하고 그래서 좋은 거 같아,그지 기 도 다하고 그해서 은 거 아,0.375
SD2401867-SDRW2400002734.1.1.118,꼭 이 엠비티아이랑 저 엠비티아이랑 맞지 않는다고 생각할 필요가 없는 것 같아,고 이 이 이 에이이아이 제 아이 아지아이가 지 는 다고 고 해가을 이 가 있는 거 아,0.6744186046511628
SD2401867-SDRW2400002736.1.1.143,그러면 혹시 아까 버스 기사를 진로로 희망한다고 했는데 버스 기사는 힘든 일 쪽인 것 같아 아니면 편안하게 쉴 수 있는 쪽인 것 같아,그거면 서 아가 가  기다을 지도는 이하다고 하는데 어 기 하하는 이 이 들 이 도이 거 있아 아니면 다하하게 있 서 있는 이 거 아,0.5135135135135135
SD2401867-SDRW2400002736.1.1.58,나는 앞으로 대학교에 진학해서 한국어 교사를 희망하고 있단 말이야,나는 그 아이 고 고 지 에 지하 해서 하 고어 고서을 해어하고 있다 거이,0.6666666666666666
SD2401869-SDRW2400002752.1.1.145,그리고 거기에 나 내 자기의 제주도 갖고 있고,그고 거기에 나는 는 서 제기 제지도 가고 있고,0.36
SD2401892-SDRW2400002800.1.1.122,교환 학생 가 꼭 가봐 이렇긴 하는데 취업에 딱히 도움이 되는지는 사실 잘 모르겠거든요,그 아 어 가 고 가 다 이게는 하는 데 기에 다기 도 도이 있는 지는는 다지 제 지 고라게거은,0.625
SD2401902-SDRW2400002787.1.1.188,해외 진출이 아무래도,해어에 지을이 아니라도,0.5454545454545454
SD2401902-SDRW2400002787.1.1.261,또 만나서 무엇을 하는 거,도 면나서 그 면어을 하는 거,0.42857142857142855
SD2401903-SDRW2400002818.1.1.167,멍 연기를 잘하시는 것도 그렇고,어 면기에 제 하는 거도 그고,0.47058823529411764
SD2401913-SDRW2400001995.1.1.87,어 우리 어머니는 수면이 아예 안 되셔서,어  어어니는 서면이 아이 아 들어서,0.36363636363636365
SD2401913-SDRW2400001996.1.1.156,내가 보통 어 다른 친구들이나 매체에서 접한 강아지들은,그 제가 그 어 어 다은 이들들이나 면지 에서 지하 그아지들은,0.5
SD2401920-SDRW2400002840.1.1.202,아이스크림은 물 대신이라고 생각하고 먹진 않아,아이 이 지 그  은    데이이라고 해 하고  지 아아,0.68
SD2401920-SDRW2400002841.1.1.135,그것도 중요하지만 사실 나는 비전을 보여주기도 해야 된다고 생각하거든,그거도 지 하지면 다 나는 그 기도을 고어 가기에도 해가 해다고 고하거,0.5263157894736842
SD2401920-SDRW2400002841.1.1.215,바보 어벤저스든,가도 어 그지  는,1.0
SD2401920-SDRW2400002843.1.1.234,그러면 지금 오빠가 갖고 있는 종목 중에서는 플러스된 종목이 하나도 없어,그라면 지은 아 아가가 가고 있는 제   에서는  어 이  는 이 하나도 있어,0.45
SD2401920-SDRW2400002843.1.1.239,플러스인 거는 그대로 두고,거는 그데도 도고,0.5714285714285714
SD2401920-SDRW2400002843.1.1.252,나는 지금 25배 뻥튀기 됐거든,나는 지은 이 이 이 에에  어 지기 있거은,0.8823529411764706
SD2401950-SDRW2400002902.1.1.191,솔직히 서로 헤어질 걸 알고 하는 연애의 관계가,하 서도 해어 지 거 아고 하는 면에 에 어 기가,0.6153846153846154
SD2401950-SDRW2400002903.1.1.236,중학교 3학년 초부터 공부를 열심히 시작해 열심히 하기 시작해서,어   고 고  나 서 아면 그 고 도 고 고을해에 해지 이 기 해해  이 하기 기 해서,1.0285714285714285
SD2401950-SDRW2400002903.1.1.91,내가 보기에 내가 생각하기에는,나가 하기에 에 제가 기하기에는,0.4375
SD2401951-SDRW2400002900.1.1.335,그것도 그렇긴 한데 네가 이제 고양이의 그런,그거도 그기 하데 니가 이제 고이 그,0.3333333333333333
SD2401951-SDRW2400002901.1.1.65,원래 거기서 공지했던 금액보다,그 거기서 고지 하는 거 그 에 다,0.75
SD2401962-SDRW2400003015.1.1.143,이제 파를 볶다가,이제 을 다가,0.3333333333333333
SD2401962-SDRW2400003017.1.1.34,이제 아시는 분이 이제 농장 찍 농장 쪽에서 일을 하셔 가지고 이제,이제 아있는 면이 이 제 이지 지 는   에서 이을 하어 가지고 이제,0.2972972972972973
SD2401984-SDRW2400003060.1.1.212,이제 경찰서도 갈 수 있고,이제 기제 서도 가  있고,0.35714285714285715
SD2401984-SDRW2400003061.1.1.11,노래 잘 부르는 남자 아이돌에 더 관심이 있는 거 같아,그  그  다 고는는 나지 아이들에 도  있는 거 아,0.5333333333333333
SD2401984-SDRW2400003061.1.1.97,음 이게 요즘 예능이 좀 루즈하졌다고 하잖아,어 이게 이 이제 은 이 지 이지해다고 하거아,0.5416666666666666
SD2410227-SDRW2400000073.1.1.177,그렇구나,그그그나,0.5
